FF - Global Technology Fund A-ACC-USD,
LU1046421795,
Date,Price (USD)
12/06/2025,"65,8800"
11/06/2025,"66,2200"
10/06/2025,"66,0500"
09/06/2025,"65,6400"
06/06/2025,"65,1600"
05/06/2025,"65,0900"
04/06/2025,"64,1100"
03/06/2025,"63,2200"
02/06/2025,"62,6100"
30/05/2025,"62,5500"
29/05/2025,"63,0100"
28/05/2025,"63,2200"
27/05/2025,"63,1900"
26/05/2025,"62,8900"
23/05/2025,"61,9900"
22/05/2025,"62,9100"
21/05/2025,"63,7300"
20/05/2025,"63,3700"
19/05/2025,"63,3300"
16/05/2025,"63,4200"
15/05/2025,"63,5200"
14/05/2025,"63,7000"
13/05/2025,"63,8100"
12/05/2025,"62,7800"
09/05/2025,"60,5400"
08/05/2025,"60,2900"
07/05/2025,"59,5400"
06/05/2025,"59,6600"
05/05/2025,"59,9000"
02/05/2025,"59,9400"
01/05/2025,"58,9900"
30/04/2025,"57,8200"
29/04/2025,"57,9200"
28/04/2025,"57,4800"
25/04/2025,"57,4400"
24/04/2025,"57,1600"
23/04/2025,"56,2300"
22/04/2025,"54,8100"
21/04/2025,"53,5700"
18/04/2025,"54,5600"
17/04/2025,"54,5300"
16/04/2025,"54,7800"
15/04/2025,"55,5400"
14/04/2025,"54,9600"
11/04/2025,"53,4900"
10/04/2025,"52,9900"
09/04/2025,"50,3200"
08/04/2025,"52,5500"
07/04/2025,"51,2600"
04/04/2025,"53,2100"
03/04/2025,"56,2100"
02/04/2025,"58,7300"
01/04/2025,"58,5600"
31/03/2025,"57,6000"
28/03/2025,"58,5500"
27/03/2025,"60,0400"
26/03/2025,"60,3200"
25/03/2025,"60,9800"
24/03/2025,"60,7700"
21/03/2025,"60,2000"
20/03/2025,"60,5200"
19/03/2025,"60,6900"
18/03/2025,"60,4200"
17/03/2025,"60,7100"
14/03/2025,"60,0100"
13/03/2025,"58,9200"
12/03/2025,"59,7900"
11/03/2025,"59,2800"
10/03/2025,"60,1500"
07/03/2025,"60,9000"
06/03/2025,"61,6400"
05/03/2025,"61,2600"
04/03/2025,"60,2200"
03/03/2025,"61,9000"
28/02/2025,"61,1600"
27/02/2025,"62,1000"
26/02/2025,"63,0600"
25/02/2025,"62,7500"
24/02/2025,"63,2900"
21/02/2025,"64,3100"
20/02/2025,"64,0100"
19/02/2025,"63,9400"
18/02/2025,"63,8900"
17/02/2025,"63,6300"
14/02/2025,"63,3700"
13/02/2025,"62,9300"
12/02/2025,"62,4200"
11/02/2025,"62,3300"
10/02/2025,"62,3400"
07/02/2025,"61,6000"
06/02/2025,"62,0800"
05/02/2025,"62,0000"
04/02/2025,"62,0300"
03/02/2025,"61,2300"
31/01/2025,"62,5700"
30/01/2025,"62,1300"
29/01/2025,"61,7400"
28/01/2025,"61,5600"
27/01/2025,"61,1800"
24/01/2025,"62,1600"
23/01/2025,"62,0200"
22/01/2025,"62,2800"
21/01/2025,"61,7200"
20/01/2025,"61,5000"
17/01/2025,"61,2700"
16/01/2025,"60,8200"
15/01/2025,"60,2500"
14/01/2025,"59,2800"
13/01/2025,"58,7300"
10/01/2025,"59,4500"
09/01/2025,"60,5600"
08/01/2025,"60,5300"
07/01/2025,"60,9700"
06/01/2025,"61,5700"
03/01/2025,"60,3100"
02/01/2025,"60,1100"
31/12/2024,"60,2400"
30/12/2024,"60,2300"
27/12/2024,"60,7200"
26/12/2024,"61,4700"
24/12/2024,"61,3200"
23/12/2024,"60,8700"
20/12/2024,"60,9700"
19/12/2024,"60,6600"
18/12/2024,"62,2500"
17/12/2024,"62,1600"
16/12/2024,"62,1700"
13/12/2024,"62,0700"
12/12/2024,"62,5300"
11/12/2024,"62,4200"
10/12/2024,"62,1900"
09/12/2024,"62,7900"
06/12/2024,"62,0500"
05/12/2024,"61,9000"
04/12/2024,"61,8600"
03/12/2024,"61,2900"
02/12/2024,"61,3200"
29/11/2024,"60,7900"
28/11/2024,"60,4700"
27/11/2024,"60,3000"
26/11/2024,"60,6400"
25/11/2024,"60,6400"
22/11/2024,"60,1000"
21/11/2024,"59,7400"
20/11/2024,"59,4600"
19/11/2024,"59,5300"
18/11/2024,"59,6600"
15/11/2024,"59,3000"
14/11/2024,"60,2600"
13/11/2024,"60,3500"
12/11/2024,"60,2600"
11/11/2024,"61,0500"
08/11/2024,"61,1700"
07/11/2024,"61,6500"
06/11/2024,"60,6400"
05/11/2024,"60,1700"
04/11/2024,"59,5200"
01/11/2024,"59,7500"
31/10/2024,"59,2600"
30/10/2024,"60,5000"
29/10/2024,"60,8800"
28/10/2024,"60,5900"
25/10/2024,"60,5300"
24/10/2024,"60,0200"
23/10/2024,"60,2700"
22/10/2024,"60,4200"
21/10/2024,"60,5200"
18/10/2024,"60,9100"
17/10/2024,"60,6300"
16/10/2024,"60,4000"
15/10/2024,"60,4100"
14/10/2024,"60,6200"
11/10/2024,"60,4700"
10/10/2024,"60,0400"
09/10/2024,"60,2500"
08/10/2024,"59,9000"
07/10/2024,"60,0600"
04/10/2024,"60,2900"
03/10/2024,"59,8700"
02/10/2024,"60,0200"
01/10/2024,"59,5900"
30/09/2024,"60,0200"
27/09/2024,"60,4800"
26/09/2024,"60,2600"
25/09/2024,"59,4300"
24/09/2024,"59,5200"
23/09/2024,"59,0600"
20/09/2024,"58,7800"
19/09/2024,"59,1200"
18/09/2024,"57,7200"
17/09/2024,"58,2200"
16/09/2024,"57,7400"
13/09/2024,"58,0800"
12/09/2024,"57,3700"
11/09/2024,"56,4200"
10/09/2024,"56,3500"
09/09/2024,"56,6500"
06/09/2024,"56,2700"
05/09/2024,"57,1700"
04/09/2024,"57,4000"
03/09/2024,"57,8700"
02/09/2024,"58,8700"
30/08/2024,"58,7400"
29/08/2024,"59,2600"
28/08/2024,"58,5300"
27/08/2024,"58,9500"
26/08/2024,"58,8700"
23/08/2024,"59,0000"
22/08/2024,"58,4400"
21/08/2024,"58,5800"
20/08/2024,"58,3100"
19/08/2024,"58,2600"
16/08/2024,"57,8800"
15/08/2024,"57,6200"
14/08/2024,"56,5600"
13/08/2024,"56,2700"
12/08/2024,"55,7300"
09/08/2024,"55,2500"
08/08/2024,"55,1500"
07/08/2024,"55,2000"
06/08/2024,"54,3600"
05/08/2024,"53,9800"
02/08/2024,"55,3000"
01/08/2024,"57,3500"
31/07/2024,"58,3400"
30/07/2024,"57,3600"
29/07/2024,"57,6100"
26/07/2024,"57,5100"
25/07/2024,"57,1600"
24/07/2024,"57,5800"
23/07/2024,"58,9000"
22/07/2024,"58,5400"
19/07/2024,"58,3700"
18/07/2024,"59,0100"
17/07/2024,"59,7000"
16/07/2024,"60,3600"
15/07/2024,"60,1800"
12/07/2024,"60,0600"
11/07/2024,"59,5500"
10/07/2024,"59,1000"
09/07/2024,"58,8000"
08/07/2024,"59,1300"
05/07/2024,"59,0300"
04/07/2024,"58,7400"
03/07/2024,"58,5800"
02/07/2024,"57,8900"
01/07/2024,"57,5500"
28/06/2024,"57,7900"
27/06/2024,"57,5600"
26/06/2024,"57,2500"
25/06/2024,"57,0800"
24/06/2024,"57,3300"
21/06/2024,"57,0300"
20/06/2024,"57,1500"
19/06/2024,"57,0000"
18/06/2024,"56,9500"
17/06/2024,"56,5100"
14/06/2024,"56,4200"
13/06/2024,"56,5800"
12/06/2024,"57,3000"
11/06/2024,"55,9900"
10/06/2024,"56,2400"
07/06/2024,"56,2900"
06/06/2024,"56,3700"
05/06/2024,"56,0000"
04/06/2024,"55,2300"
03/06/2024,"55,5900"
31/05/2024,"54,6800"
30/05/2024,"55,2600"
29/05/2024,"55,6000"
28/05/2024,"56,4600"
27/05/2024,"56,4500"
24/05/2024,"56,3100"
23/05/2024,"56,5000"
22/05/2024,"56,6200"
21/05/2024,"56,4700"
20/05/2024,"56,7100"
17/05/2024,"56,5100"
16/05/2024,"56,7500"
15/05/2024,"56,3900"
14/05/2024,"55,6400"
13/05/2024,"55,4200"
10/05/2024,"55,0300"
09/05/2024,"54,9300"
08/05/2024,"54,7800"
07/05/2024,"54,8300"
06/05/2024,"54,4800"
03/05/2024,"54,1700"
02/05/2024,"53,2200"
01/05/2024,"52,5800"
30/04/2024,"53,2200"
29/04/2024,"53,5500"
26/04/2024,"53,5100"
25/04/2024,"52,4600"
24/04/2024,"53,1300"
23/04/2024,"52,8000"
22/04/2024,"51,9000"
19/04/2024,"51,8000"
18/04/2024,"52,6700"
17/04/2024,"52,6000"
16/04/2024,"52,9300"
15/04/2024,"53,9000"
12/04/2024,"54,1300"
11/04/2024,"54,6400"
10/04/2024,"54,5100"
09/04/2024,"55,0300"
08/04/2024,"54,9200"
05/04/2024,"54,6700"
04/04/2024,"55,4000"
03/04/2024,"55,0100"
02/04/2024,"54,6000"
01/04/2024,"54,8700"
29/03/2024,"54,9800"
28/03/2024,"54,9100"
27/03/2024,"54,6600"
26/03/2024,"54,7200"
25/03/2024,"54,6100"
22/03/2024,"54,8600"
21/03/2024,"55,2000"
20/03/2024,"54,1100"
19/03/2024,"53,8800"
18/03/2024,"53,9700"
15/03/2024,"53,6700"
14/03/2024,"54,2200"
13/03/2024,"54,5800"
12/03/2024,"54,6100"
11/03/2024,"54,1200"
08/03/2024,"54,3000"
07/03/2024,"54,2500"
06/03/2024,"54,0500"
05/03/2024,"53,4500"
04/03/2024,"54,1800"
01/03/2024,"54,0100"
29/02/2024,"53,4500"
28/02/2024,"53,3800"
27/02/2024,"53,7000"
26/02/2024,"53,6600"
23/02/2024,"53,6100"
22/02/2024,"53,4700"
21/02/2024,"52,5600"
20/02/2024,"52,5900"
19/02/2024,"52,9700"
16/02/2024,"53,1900"
15/02/2024,"53,0300"
14/02/2024,"52,5500"
13/02/2024,"52,3800"
12/02/2024,"53,4300"
09/02/2024,"53,0200"
08/02/2024,"52,6600"
07/02/2024,"52,2300"
06/02/2024,"51,9600"
05/02/2024,"51,5900"
02/02/2024,"51,7200"
01/02/2024,"51,3800"
31/01/2024,"51,5400"
30/01/2024,"52,1000"
29/01/2024,"52,0800"
26/01/2024,"52,2600"
25/01/2024,"52,3100"
24/01/2024,"52,3800"
23/01/2024,"51,7200"
22/01/2024,"51,5700"
19/01/2024,"50,9100"
18/01/2024,"50,4600"
17/01/2024,"49,6800"
16/01/2024,"50,3900"
15/01/2024,"50,8500"
12/01/2024,"50,9500"
11/01/2024,"50,2900"
10/01/2024,"50,4400"
09/01/2024,"50,4800"
08/01/2024,"50,3800"
05/01/2024,"49,9100"
04/01/2024,"50,0500"
03/01/2024,"50,1100"
02/01/2024,"50,9400"
29/12/2023,"51,6200"
28/12/2023,"51,8800"
27/12/2023,"51,6900"
26/12/2023,"51,4200"
22/12/2023,"51,2300"
21/12/2023,"50,9100"
20/12/2023,"51,1400"
19/12/2023,"50,9700"
18/12/2023,"50,5900"
15/12/2023,"50,7900"
14/12/2023,"50,7400"
13/12/2023,"49,4100"
12/12/2023,"49,4700"
11/12/2023,"49,3900"
08/12/2023,"49,0900"
07/12/2023,"48,8000"
06/12/2023,"48,8400"
05/12/2023,"48,5600"
04/12/2023,"48,5100"
01/12/2023,"48,6700"
30/11/2023,"48,1400"
29/11/2023,"48,3300"
28/11/2023,"47,8700"
27/11/2023,"47,6200"
24/11/2023,"47,5400"
23/11/2023,"47,4700"
22/11/2023,"47,5300"
21/11/2023,"47,3600"
20/11/2023,"47,5500"
17/11/2023,"47,0800"
16/11/2023,"46,8000"
15/11/2023,"47,2000"
14/11/2023,"46,7100"
13/11/2023,"45,6300"
10/11/2023,"45,1700"
09/11/2023,"45,3800"
08/11/2023,"44,7700"
07/11/2023,"44,7400"
06/11/2023,"44,4500"
03/11/2023,"44,5300"
02/11/2023,"43,5600"
01/11/2023,"42,4200"
31/10/2023,"42,2300"
30/10/2023,"41,8300"
27/10/2023,"41,8200"
26/10/2023,"41,6500"
25/10/2023,"42,2000"
24/10/2023,"43,0600"
23/10/2023,"43,0000"
20/10/2023,"43,0700"
19/10/2023,"43,7700"
18/10/2023,"43,7500"
17/10/2023,"44,3000"
16/10/2023,"44,2300"
13/10/2023,"43,8700"
12/10/2023,"44,7100"
11/10/2023,"44,5300"
10/10/2023,"44,6300"
09/10/2023,"43,7700"
06/10/2023,"43,9900"
05/10/2023,"43,1800"
04/10/2023,"43,4300"
03/10/2023,"43,2700"
02/10/2023,"43,9000"
29/09/2023,"44,1400"
28/09/2023,"43,8600"
27/09/2023,"43,4400"
26/09/2023,"43,6000"
25/09/2023,"44,1700"
22/09/2023,"44,3800"
21/09/2023,"44,2300"
20/09/2023,"45,2300"
19/09/2023,"44,9600"
18/09/2023,"45,2800"
15/09/2023,"45,4200"
14/09/2023,"45,6900"
13/09/2023,"45,4000"
12/09/2023,"45,4700"
11/09/2023,"45,5300"
08/09/2023,"45,4800"
07/09/2023,"45,2800"
06/09/2023,"45,8600"
05/09/2023,"46,1300"
04/09/2023,"46,2500"
01/09/2023,"46,1300"
31/08/2023,"45,8500"
30/08/2023,"45,6900"
29/08/2023,"45,4400"
28/08/2023,"44,7900"
25/08/2023,"44,1200"
24/08/2023,"44,3100"
23/08/2023,"44,7600"
22/08/2023,"44,2700"
21/08/2023,"43,8400"
18/08/2023,"43,9800"
17/08/2023,"44,2400"
16/08/2023,"44,6600"
15/08/2023,"45,0300"
14/08/2023,"45,3000"
11/08/2023,"45,1700"
10/08/2023,"45,7900"
09/08/2023,"45,4500"
08/08/2023,"45,3200"
07/08/2023,"46,0500"
04/08/2023,"46,3400"
03/08/2023,"45,6800"
02/08/2023,"45,9100"
01/08/2023,"47,0300"
31/07/2023,"47,2200"
28/07/2023,"47,2500"
27/07/2023,"47,0700"
26/07/2023,"46,5000"
25/07/2023,"46,4500"
24/07/2023,"46,2000"
21/07/2023,"46,1800"
20/07/2023,"46,3400"
19/07/2023,"47,1600"
18/07/2023,"46,7300"
17/07/2023,"46,6900"
14/07/2023,"46,7200"
13/07/2023,"46,7700"
12/07/2023,"46,0300"
11/07/2023,"45,3700"
10/07/2023,"45,0300"
07/07/2023,"45,0600"
06/07/2023,"44,4300"
05/07/2023,"45,2500"
04/07/2023,"45,5900"
03/07/2023,"45,4500"
30/06/2023,"45,2600"
29/06/2023,"44,7900"
28/06/2023,"44,8400"
27/06/2023,"44,3700"
26/06/2023,"44,1900"
23/06/2023,"43,9500"
22/06/2023,"44,5200"
21/06/2023,"44,4000"
20/06/2023,"44,8200"
19/06/2023,"45,3800"
16/06/2023,"45,6100"
15/06/2023,"45,5300"
14/06/2023,"45,4300"
13/06/2023,"45,2100"
12/06/2023,"44,4800"
09/06/2023,"44,0500"
08/06/2023,"43,9800"
07/06/2023,"43,9600"
06/06/2023,"44,2400"
05/06/2023,"44,0400"
02/06/2023,"44,1400"
01/06/2023,"43,6300"
31/05/2023,"42,9500"
30/05/2023,"43,4200"
29/05/2023,"43,3100"
26/05/2023,"43,2500"
25/05/2023,"42,2100"
24/05/2023,"41,9400"
23/05/2023,"42,7700"
22/05/2023,"42,9900"
19/05/2023,"42,7700"
18/05/2023,"42,6700"
17/05/2023,"42,0000"
16/05/2023,"41,8100"
15/05/2023,"41,6500"
12/05/2023,"41,3800"
11/05/2023,"41,4900"
10/05/2023,"41,6300"
09/05/2023,"41,4300"
08/05/2023,"41,6600"
05/05/2023,"41,4200"
04/05/2023,"40,8500"
03/05/2023,"41,2500"
02/05/2023,"40,9900"
01/05/2023,"41,4900"
28/04/2023,"41,5200"
27/04/2023,"41,1100"
26/04/2023,"40,9000"
25/04/2023,"40,8400"
24/04/2023,"41,2600"
21/04/2023,"41,5500"
20/04/2023,"41,6900"
19/04/2023,"41,7900"
18/04/2023,"41,9600"
17/04/2023,"41,9500"
14/04/2023,"41,9200"
13/04/2023,"42,0400"
12/04/2023,"41,7600"
11/04/2023,"41,8200"
10/04/2023,"41,6600"
07/04/2023,"42,0000"
06/04/2023,"41,8700"
05/04/2023,"41,8000"
04/04/2023,"42,3900"
03/04/2023,"42,4700"
31/03/2023,"42,6600"
30/03/2023,"42,2600"
29/03/2023,"41,5100"
28/03/2023,"40,8900"
27/03/2023,"40,9100"
24/03/2023,"40,9300"
23/03/2023,"41,5400"
22/03/2023,"41,1800"
21/03/2023,"41,0700"
20/03/2023,"40,5800"
17/03/2023,"40,5600"
16/03/2023,"40,6500"
15/03/2023,"39,4400"
14/03/2023,"40,2700"
13/03/2023,"39,6900"
10/03/2023,"40,1000"
09/03/2023,"41,0200"
08/03/2023,"41,0200"
07/03/2023,"40,9200"
06/03/2023,"41,8000"
03/03/2023,"41,1700"
02/03/2023,"40,2000"
01/03/2023,"40,2900"
28/02/2023,"40,1900"
27/02/2023,"40,2300"
24/02/2023,"39,8300"
23/02/2023,"40,1100"
22/02/2023,"40,1700"
21/02/2023,"40,4100"
20/02/2023,"41,1900"
17/02/2023,"41,0200"
16/02/2023,"42,0100"
15/02/2023,"41,9100"
14/02/2023,"41,5400"
13/02/2023,"41,6500"
10/02/2023,"41,2700"
09/02/2023,"42,2500"
08/02/2023,"42,0300"
07/02/2023,"41,8500"
06/02/2023,"41,8300"
03/02/2023,"42,8600"
02/02/2023,"43,1500"
01/02/2023,"41,2000"
31/01/2023,"40,9200"
30/01/2023,"40,9900"
27/01/2023,"41,3200"
26/01/2023,"40,8300"
25/01/2023,"40,1200"
24/01/2023,"40,5600"
23/01/2023,"40,6900"
20/01/2023,"39,5000"
19/01/2023,"38,7800"
18/01/2023,"39,4400"
17/01/2023,"39,3900"
16/01/2023,"39,4100"
13/01/2023,"39,1300"
12/01/2023,"39,0300"
11/01/2023,"38,5400"
10/01/2023,"38,0100"
09/01/2023,"38,3900"
06/01/2023,"37,0800"
05/01/2023,"36,4100"
04/01/2023,"36,8600"
03/01/2023,"36,0600"
02/01/2023,"36,3000"
30/12/2022,"35,8600"
29/12/2022,"36,1800"
28/12/2022,"35,3500"
27/12/2022,"35,8200"
26/12/2022,"35,9300"
23/12/2022,"35,7700"
22/12/2022,"35,6500"
21/12/2022,"36,6000"
20/12/2022,"36,1400"
19/12/2022,"36,1800"
16/12/2022,"36,4300"
15/12/2022,"37,0600"
14/12/2022,"38,8000"
13/12/2022,"38,7400"
12/12/2022,"37,8000"
09/12/2022,"37,9800"
08/12/2022,"37,6000"
07/12/2022,"37,0100"
06/12/2022,"37,4800"
05/12/2022,"38,3200"
02/12/2022,"38,7400"
01/12/2022,"38,7100"
30/11/2022,"37,2700"
29/11/2022,"36,9200"
28/11/2022,"37,3000"
25/11/2022,"37,7300"
24/11/2022,"37,9700"
23/11/2022,"37,4800"
22/11/2022,"36,9400"
21/11/2022,"36,7500"
18/11/2022,"37,3400"
17/11/2022,"37,4500"
16/11/2022,"37,9200"
15/11/2022,"38,9200"
14/11/2022,"38,0600"
11/11/2022,"37,9700"
10/11/2022,"36,6800"
09/11/2022,"34,8100"
08/11/2022,"35,4600"
07/11/2022,"34,3800"
04/11/2022,"33,8100"
03/11/2022,"33,9200"
02/11/2022,"35,1200"
01/11/2022,"35,5600"
31/10/2022,"35,4300"
28/10/2022,"35,4500"
27/10/2022,"35,4800"
26/10/2022,"36,2100"
25/10/2022,"35,8500"
24/10/2022,"35,0700"
21/10/2022,"34,8000"
20/10/2022,"34,9500"
19/10/2022,"34,6200"
18/10/2022,"34,6300"
17/10/2022,"34,4800"
14/10/2022,"33,5300"
13/10/2022,"33,7700"
12/10/2022,"33,3300"
11/10/2022,"33,6100"
10/10/2022,"34,0100"
07/10/2022,"34,8100"
06/10/2022,"35,8500"
05/10/2022,"35,5400"
04/10/2022,"35,9600"
03/10/2022,"34,3200"
30/09/2022,"34,2600"
29/09/2022,"34,0700"
28/09/2022,"34,5500"
27/09/2022,"34,2000"
26/09/2022,"34,3700"
23/09/2022,"34,4200"
22/09/2022,"35,2000"
21/09/2022,"36,3100"
20/09/2022,"36,5200"
19/09/2022,"36,3600"
16/09/2022,"36,4500"
15/09/2022,"37,1400"
14/09/2022,"37,5300"
13/09/2022,"37,7600"
12/09/2022,"38,9200"
09/09/2022,"38,4500"
08/09/2022,"37,6100"
07/09/2022,"37,1200"
06/09/2022,"37,1600"
05/09/2022,"37,1600"
02/09/2022,"37,9700"
01/09/2022,"36,9000"
31/08/2022,"38,0400"
30/08/2022,"37,8800"
29/08/2022,"38,2700"
26/08/2022,"39,0500"
25/08/2022,"39,5100"
24/08/2022,"39,2400"
23/08/2022,"38,9700"
22/08/2022,"39,1600"
19/08/2022,"39,9800"
18/08/2022,"40,8500"
17/08/2022,"40,4500"
16/08/2022,"41,3100"
15/08/2022,"41,4000"
12/08/2022,"41,0600"
11/08/2022,"40,9300"
10/08/2022,"40,7800"
09/08/2022,"39,6000"
08/08/2022,"40,4500"
05/08/2022,"39,9800"
04/08/2022,"40,2800"
03/08/2022,"40,2000"
02/08/2022,"39,3800"
01/08/2022,"39,5700"
29/07/2022,"39,1800"
28/07/2022,"38,7100"
27/07/2022,"38,0800"
26/07/2022,"37,1700"
25/07/2022,"37,8400"
22/07/2022,"38,1600"
21/07/2022,"38,3400"
20/07/2022,"38,2100"
19/07/2022,"37,3100"
18/07/2022,"37,1100"
15/07/2022,"36,2400"
14/07/2022,"35,4100"
13/07/2022,"35,7700"
12/07/2022,"36,1800"
11/07/2022,"36,4200"
08/07/2022,"37,2700"
07/07/2022,"36,9700"
06/07/2022,"36,0500"
05/07/2022,"35,6100"
04/07/2022,"35,9200"
01/07/2022,"35,5300"
30/06/2022,"35,9500"
29/06/2022,"36,4600"
28/06/2022,"36,9800"
27/06/2022,"37,6500"
24/06/2022,"37,3800"
23/06/2022,"35,9600"
22/06/2022,"35,8500"
21/06/2022,"36,0100"
20/06/2022,"35,4900"
17/06/2022,"35,0600"
16/06/2022,"34,9000"
15/06/2022,"35,9600"
14/06/2022,"35,5400"
13/06/2022,"35,6300"
10/06/2022,"37,4400"
09/06/2022,"39,4400"
08/06/2022,"40,1600"
07/06/2022,"39,7400"
06/06/2022,"39,9400"
03/06/2022,"39,5000"
02/06/2022,"39,8100"
01/06/2022,"39,1000"
31/05/2022,"39,5100"
30/05/2022,"39,8400"
27/05/2022,"39,3000"
26/05/2022,"38,4200"
25/05/2022,"37,3700"
24/05/2022,"37,0500"
23/05/2022,"37,8800"
20/05/2022,"37,2100"
19/05/2022,"37,7600"
18/05/2022,"37,5900"
17/05/2022,"38,3000"
16/05/2022,"37,8300"
13/05/2022,"38,0200"
12/05/2022,"36,4300"
11/05/2022,"37,3800"
10/05/2022,"36,9400"
09/05/2022,"37,2000"
06/05/2022,"38,4300"
05/05/2022,"38,9500"
04/05/2022,"39,2800"
03/05/2022,"39,8200"
02/05/2022,"39,1300"
29/04/2022,"39,9300"
28/04/2022,"39,4500"
27/04/2022,"38,9400"
26/04/2022,"38,8400"
25/04/2022,"39,2700"
22/04/2022,"40,0500"
21/04/2022,"41,1100"
20/04/2022,"41,3800"
19/04/2022,"41,6800"
18/04/2022,"41,0000"
15/04/2022,"41,1300"
14/04/2022,"41,4700"
13/04/2022,"41,7200"
12/04/2022,"41,7300"
11/04/2022,"41,5700"
08/04/2022,"42,3600"
07/04/2022,"42,0800"
06/04/2022,"42,5900"
05/04/2022,"43,6500"
04/04/2022,"44,4000"
01/04/2022,"43,5900"
31/03/2022,"44,2000"
30/03/2022,"44,6700"
29/03/2022,"44,7500"
28/03/2022,"43,4400"
25/03/2022,"43,5400"
24/03/2022,"43,4200"
23/03/2022,"43,3900"
22/03/2022,"43,6000"
21/03/2022,"42,7700"
18/03/2022,"43,0700"
17/03/2022,"42,1300"
16/03/2022,"41,3400"
15/03/2022,"39,9200"
14/03/2022,"39,5900"
11/03/2022,"40,4200"
10/03/2022,"40,3900"
09/03/2022,"41,0300"
08/03/2022,"39,5200"
07/03/2022,"40,2500"
04/03/2022,"40,9800"
03/03/2022,"42,0800"
02/03/2022,"42,3400"
01/03/2022,"41,9900"
28/02/2022,"42,9100"
25/02/2022,"42,8200"
24/02/2022,"41,2000"
23/02/2022,"42,1700"
22/02/2022,"42,3900"
21/02/2022,"42,3000"
18/02/2022,"42,6200"
17/02/2022,"43,6400"
16/02/2022,"43,9800"
15/02/2022,"44,1800"
14/02/2022,"43,7000"
11/02/2022,"44,4700"
10/02/2022,"45,2500"
09/02/2022,"45,0400"
08/02/2022,"44,2200"
07/02/2022,"44,1600"
04/02/2022,"43,9900"
03/02/2022,"44,2300"
02/02/2022,"45,0900"
01/02/2022,"44,8400"
31/01/2022,"44,3100"
28/01/2022,"42,9900"
27/01/2022,"43,0900"
26/01/2022,"43,6200"
25/01/2022,"42,5500"
24/01/2022,"42,2500"
21/01/2022,"44,3700"
20/01/2022,"45,7500"
19/01/2022,"45,3900"
18/01/2022,"45,7500"
17/01/2022,"46,2400"
14/01/2022,"46,0100"
13/01/2022,"46,6500"
12/01/2022,"46,6500"
11/01/2022,"46,2900"
10/01/2022,"45,1100"
07/01/2022,"45,9900"
06/01/2022,"46,3000"
05/01/2022,"47,0800"
04/01/2022,"46,9300"
03/01/2022,"46,9700"
31/12/2021,"46,9000"
30/12/2021,"47,2400"
29/12/2021,"46,9800"
28/12/2021,"47,1400"
27/12/2021,"46,9300"
24/12/2021,"46,5700"
23/12/2021,"46,5700"
22/12/2021,"46,2000"
21/12/2021,"45,5600"
20/12/2021,"44,6700"
17/12/2021,"45,4500"
16/12/2021,"45,7600"
15/12/2021,"45,1600"
14/12/2021,"45,3300"
13/12/2021,"45,9500"
10/12/2021,"46,3200"
09/12/2021,"46,4400"
08/12/2021,"46,5300"
07/12/2021,"46,6800"
06/12/2021,"45,2900"
03/12/2021,"44,5600"
02/12/2021,"45,2700"
01/12/2021,"46,0300"
30/11/2021,"45,0800"
29/11/2021,"45,7100"
26/11/2021,"45,1700"
25/11/2021,"46,3700"
24/11/2021,"46,2400"
23/11/2021,"46,0900"
22/11/2021,"46,6500"
19/11/2021,"47,1600"
18/11/2021,"47,0000"
17/11/2021,"47,2800"
16/11/2021,"47,3700"
15/11/2021,"47,3000"
12/11/2021,"47,4300"
11/11/2021,"47,0700"
10/11/2021,"47,2500"
09/11/2021,"47,3600"
08/11/2021,"47,4300"
05/11/2021,"47,3600"
04/11/2021,"46,8900"
03/11/2021,"46,3800"
02/11/2021,"46,3700"
01/11/2021,"46,3200"
29/10/2021,"45,9600"
28/10/2021,"46,1500"
27/10/2021,"45,8000"
26/10/2021,"46,2300"
25/10/2021,"46,1800"
22/10/2021,"46,0900"
21/10/2021,"46,1800"
20/10/2021,"46,3500"
19/10/2021,"46,3300"
18/10/2021,"45,9400"
15/10/2021,"45,7800"
14/10/2021,"45,4300"
13/10/2021,"44,6200"
12/10/2021,"44,5600"
11/10/2021,"45,1700"
08/10/2021,"44,9600"
07/10/2021,"45,2700"
06/10/2021,"44,2300"
05/10/2021,"44,5500"
04/10/2021,"43,9100"
01/10/2021,"44,4600"
30/09/2021,"44,4800"
29/09/2021,"44,6900"
28/09/2021,"44,9500"
27/09/2021,"45,9200"
24/09/2021,"45,9700"
23/09/2021,"45,8500"
22/09/2021,"45,2400"
21/09/2021,"44,8100"
20/09/2021,"44,4600"
17/09/2021,"45,4000"
16/09/2021,"45,6000"
15/09/2021,"45,5000"
14/09/2021,"45,8000"
13/09/2021,"45,5900"
10/09/2021,"45,8600"
09/09/2021,"46,0300"
08/09/2021,"45,8500"
07/09/2021,"46,2800"
06/09/2021,"46,4200"
03/09/2021,"46,3300"
02/09/2021,"46,3000"
01/09/2021,"46,4100"
31/08/2021,"46,2200"
30/08/2021,"46,1500"
27/08/2021,"45,9800"
26/08/2021,"45,6400"
25/08/2021,"45,6700"
24/08/2021,"45,6300"
23/08/2021,"45,2100"
20/08/2021,"44,4400"
19/08/2021,"44,2900"
18/08/2021,"44,6400"
17/08/2021,"44,4500"
16/08/2021,"44,7900"
13/08/2021,"45,1100"
12/08/2021,"45,0200"
11/08/2021,"45,0900"
10/08/2021,"45,2200"
09/08/2021,"45,6000"
06/08/2021,"45,7100"
05/08/2021,"45,7200"
04/08/2021,"45,2800"
03/08/2021,"45,1100"
02/08/2021,"45,2700"
30/07/2021,"44,9600"
29/07/2021,"45,2100"
28/07/2021,"44,8500"
27/07/2021,"44,3100"
26/07/2021,"45,0000"
23/07/2021,"44,9900"
22/07/2021,"44,7000"
21/07/2021,"44,5700"
20/07/2021,"44,1700"
19/07/2021,"43,7000"
16/07/2021,"44,6600"
15/07/2021,"44,9000"
14/07/2021,"45,1600"
13/07/2021,"45,3700"
12/07/2021,"45,0600"
09/07/2021,"45,0200"
08/07/2021,"44,5900"
07/07/2021,"45,1200"
06/07/2021,"45,0300"
05/07/2021,"45,2300"
02/07/2021,"44,9900"
01/07/2021,"44,7100"
30/06/2021,"44,9400"
29/06/2021,"45,0100"
28/06/2021,"44,9000"
25/06/2021,"44,7900"
24/06/2021,"44,6700"
23/06/2021,"44,3800"
22/06/2021,"44,2000"
21/06/2021,"44,0700"
18/06/2021,"43,8100"
17/06/2021,"44,5000"
16/06/2021,"44,6000"
15/06/2021,"44,6200"
14/06/2021,"44,6000"
11/06/2021,"44,4800"
10/06/2021,"44,3100"
09/06/2021,"44,2000"
08/06/2021,"44,2000"
07/06/2021,"44,1500"
04/06/2021,"44,1800"
03/06/2021,"43,6600"
02/06/2021,"44,0800"
01/06/2021,"43,9700"
31/05/2021,"43,9400"
28/05/2021,"44,0700"
27/05/2021,"43,9200"
26/05/2021,"43,7800"
25/05/2021,"43,7100"
24/05/2021,"43,6400"
21/05/2021,"43,1200"
20/05/2021,"43,2800"
19/05/2021,"42,2100"
18/05/2021,"42,6900"
17/05/2021,"42,3300"
14/05/2021,"42,7000"
13/05/2021,"41,8100"
12/05/2021,"41,6600"
11/05/2021,"42,5800"
10/05/2021,"43,4200"
07/05/2021,"43,9900"
06/05/2021,"43,2200"
05/05/2021,"43,3100"
04/05/2021,"42,5500"
03/05/2021,"43,6300"
30/04/2021,"43,8400"
29/04/2021,"44,0600"
28/04/2021,"44,3000"
27/04/2021,"44,4800"
26/04/2021,"44,6400"
23/04/2021,"44,3500"
22/04/2021,"44,2800"
21/04/2021,"43,9800"
20/04/2021,"43,6100"
19/04/2021,"44,1200"
16/04/2021,"44,4100"
15/04/2021,"44,2800"
14/04/2021,"44,1500"
13/04/2021,"43,9800"
12/04/2021,"43,9700"
09/04/2021,"44,0300"
08/04/2021,"43,9900"
07/04/2021,"43,7900"
06/04/2021,"43,9300"
05/04/2021,"43,9100"
02/04/2021,"43,1900"
01/04/2021,"42,9600"
31/03/2021,"42,3400"
30/03/2021,"41,9500"
29/03/2021,"42,1300"
26/03/2021,"41,8500"
25/03/2021,"41,2400"
24/03/2021,"41,6400"
23/03/2021,"41,9100"
22/03/2021,"42,2800"
19/03/2021,"41,8100"
18/03/2021,"42,1500"
17/03/2021,"42,1800"
16/03/2021,"42,6100"
15/03/2021,"41,9300"
12/03/2021,"41,5600"
11/03/2021,"41,9200"
10/03/2021,"41,2200"
09/03/2021,"41,1400"
08/03/2021,"40,6600"
05/03/2021,"40,0000"
04/03/2021,"40,7600"
03/03/2021,"41,3800"
02/03/2021,"41,5200"
01/03/2021,"41,8500"
26/02/2021,"41,2000"
25/02/2021,"41,5700"
24/02/2021,"41,8100"
23/02/2021,"41,2000"
22/02/2021,"41,8400"
19/02/2021,"42,3100"
18/02/2021,"41,6600"
17/02/2021,"41,8800"
16/02/2021,"42,3300"
15/02/2021,"42,5100"
12/02/2021,"42,2100"
11/02/2021,"42,0300"
10/02/2021,"41,5100"
09/02/2021,"41,7400"
08/02/2021,"41,5200"
05/02/2021,"41,1800"
04/02/2021,"40,9000"
03/02/2021,"40,7300"
02/02/2021,"40,6600"
01/02/2021,"39,8900"
29/01/2021,"39,4600"
28/01/2021,"40,1100"
27/01/2021,"39,9500"
26/01/2021,"40,4200"
25/01/2021,"40,3600"
22/01/2021,"40,4700"
21/01/2021,"40,7100"
20/01/2021,"40,4100"
19/01/2021,"39,6800"
18/01/2021,"39,4000"
15/01/2021,"39,5600"
14/01/2021,"40,0300"
13/01/2021,"39,5600"
12/01/2021,"39,4400"
11/01/2021,"39,6000"
08/01/2021,"39,7100"
07/01/2021,"39,2400"
06/01/2021,"38,9200"
05/01/2021,"38,4800"
04/01/2021,"38,0600"
31/12/2020,"38,3300"
30/12/2020,"38,3900"
29/12/2020,"38,0700"
28/12/2020,"38,2000"
24/12/2020,"37,8300"
23/12/2020,"37,9000"
22/12/2020,"37,6400"
21/12/2020,"37,3300"
18/12/2020,"37,8000"
17/12/2020,"37,8000"
16/12/2020,"37,7000"
15/12/2020,"37,3300"
14/12/2020,"37,3600"
11/12/2020,"36,8700"
10/12/2020,"37,1700"
09/12/2020,"37,6000"
08/12/2020,"37,4700"
07/12/2020,"37,5700"
04/12/2020,"37,3600"
03/12/2020,"37,0400"
02/12/2020,"36,6300"
01/12/2020,"36,5100"
30/11/2020,"35,7900"
27/11/2020,"36,1300"
26/11/2020,"35,7500"
25/11/2020,"35,5900"
24/11/2020,"35,8100"
23/11/2020,"35,0500"
20/11/2020,"34,9500"
19/11/2020,"34,7800"
18/11/2020,"35,0600"
17/11/2020,"34,9400"
16/11/2020,"35,0500"
13/11/2020,"34,3400"
12/11/2020,"34,1400"
11/11/2020,"34,3000"
10/11/2020,"34,0100"
09/11/2020,"34,7200"
06/11/2020,"33,4600"
05/11/2020,"33,3700"
04/11/2020,"32,7700"
03/11/2020,"31,9200"
02/11/2020,"31,2300"
30/10/2020,"30,9600"
29/10/2020,"31,4000"
28/10/2020,"31,3200"
27/10/2020,"32,2800"
26/10/2020,"32,1100"
23/10/2020,"33,0000"
22/10/2020,"32,9500"
21/10/2020,"33,0600"
20/10/2020,"33,0900"
19/10/2020,"33,2100"
16/10/2020,"33,3200"
15/10/2020,"32,9800"
14/10/2020,"33,3100"
13/10/2020,"33,6300"
12/10/2020,"33,5700"
09/10/2020,"33,1700"
08/10/2020,"32,6200"
07/10/2020,"32,1900"
06/10/2020,"31,9900"
05/10/2020,"31,8600"
02/10/2020,"31,4000"
01/10/2020,"31,8900"
30/09/2020,"31,7700"
29/09/2020,"31,5100"
28/09/2020,"31,4400"
25/09/2020,"30,6500"
24/09/2020,"30,6800"
23/09/2020,"31,0000"
22/09/2020,"30,9300"
21/09/2020,"30,6700"
18/09/2020,"31,2800"
17/09/2020,"31,4400"
16/09/2020,"32,0300"
15/09/2020,"31,9600"
14/09/2020,"31,7100"
11/09/2020,"31,2700"
10/09/2020,"31,6800"
09/09/2020,"31,5400"
08/09/2020,"31,2600"
07/09/2020,"31,9900"
04/09/2020,"31,5400"
03/09/2020,"32,3900"
02/09/2020,"33,2500"
01/09/2020,"32,9400"
31/08/2020,"32,8100"
28/08/2020,"32,8600"
27/08/2020,"32,7100"
26/08/2020,"32,6300"
25/08/2020,"31,9700"
24/08/2020,"31,8900"
21/08/2020,"31,4600"
20/08/2020,"31,4200"
19/08/2020,"31,8200"
18/08/2020,"31,6700"
17/08/2020,"31,6800"
14/08/2020,"31,5200"
13/08/2020,"31,7700"
12/08/2020,"31,7700"
11/08/2020,"31,6300"
10/08/2020,"31,4600"
07/08/2020,"31,5200"
06/08/2020,"31,5400"
05/08/2020,"31,5700"
04/08/2020,"31,4000"
03/08/2020,"31,3300"
31/07/2020,"30,6300"
30/07/2020,"30,5800"
29/07/2020,"30,6000"
28/07/2020,"30,5000"
27/07/2020,"30,5000"
24/07/2020,"30,2500"
23/07/2020,"30,9900"
22/07/2020,"30,8700"
21/07/2020,"30,9500"
20/07/2020,"30,6400"
17/07/2020,"30,3100"
16/07/2020,"30,0500"
15/07/2020,"30,0600"
14/07/2020,"29,7200"
13/07/2020,"30,5700"
10/07/2020,"30,1300"
09/07/2020,"29,7600"
08/07/2020,"29,7300"
07/07/2020,"29,9200"
06/07/2020,"29,9900"
03/07/2020,"29,1400"
02/07/2020,"29,3900"
01/07/2020,"29,0300"
30/06/2020,"29,0000"
29/06/2020,"28,5200"
26/06/2020,"28,4800"
25/06/2020,"28,4700"
24/06/2020,"28,5500"
23/06/2020,"29,3200"
22/06/2020,"28,7900"
19/06/2020,"28,9500"
18/06/2020,"28,6600"
17/06/2020,"28,7600"
16/06/2020,"28,6100"
15/06/2020,"27,6600"
12/06/2020,"28,0100"
11/06/2020,"28,2400"
10/06/2020,"29,2100"
09/06/2020,"29,1000"
08/06/2020,"29,1400"
05/06/2020,"29,1500"
04/06/2020,"28,3600"
03/06/2020,"28,3100"
02/06/2020,"27,5700"
01/06/2020,"27,4100"
31/05/2020,"27,0000"
30/05/2020,"27,0000"
29/05/2020,"27,0000"
28/05/2020,"27,4000"
27/05/2020,"26,8800"
26/05/2020,"27,1400"
25/05/2020,"26,9400"
24/05/2020,"26,4700"
23/05/2020,"26,4700"
22/05/2020,"26,4700"
21/05/2020,"26,6300"
20/05/2020,"26,9900"
19/05/2020,"26,5400"
18/05/2020,"26,2700"
17/05/2020,"25,2500"
16/05/2020,"25,2500"
15/05/2020,"25,2500"
14/05/2020,"24,9900"
13/05/2020,"25,3700"
12/05/2020,"26,3300"
11/05/2020,"26,2200"
10/05/2020,"26,2400"
09/05/2020,"26,2400"
08/05/2020,"26,2400"
07/05/2020,"25,9000"
06/05/2020,"25,5600"
05/05/2020,"25,4500"
04/05/2020,"24,7100"
03/05/2020,"24,8400"
02/05/2020,"24,8400"
01/05/2020,"24,8400"
30/04/2020,"25,7500"
29/04/2020,"26,0000"
28/04/2020,"25,2600"
27/04/2020,"25,1700"
26/04/2020,"24,4500"
25/04/2020,"24,4500"
24/04/2020,"24,4500"
23/04/2020,"24,6300"
22/04/2020,"24,2800"
21/04/2020,"23,6300"
20/04/2020,"24,9500"
19/04/2020,"24,7300"
18/04/2020,"24,7300"
17/04/2020,"24,7300"
16/04/2020,"24,4700"
15/04/2020,"24,0700"
14/04/2020,"24,5800"
13/04/2020,"23,6800"
12/04/2020,"24,0200"
11/04/2020,"24,0200"
10/04/2020,"24,0200"
09/04/2020,"24,2200"
08/04/2020,"23,7400"
07/04/2020,"23,6700"
06/04/2020,"22,7600"
05/04/2020,"21,5300"
04/04/2020,"21,5300"
03/04/2020,"21,5300"
02/04/2020,"21,8700"
01/04/2020,"21,8300"
31/03/2020,"22,9000"
30/03/2020,"22,5700"
29/03/2020,"22,2500"
28/03/2020,"22,2500"
27/03/2020,"22,2500"
26/03/2020,"22,7600"
25/03/2020,"22,2700"
24/03/2020,"21,4200"
23/03/2020,"19,9000"
22/03/2020,"20,3000"
21/03/2020,"20,3000"
20/03/2020,"20,3000"
19/03/2020,"20,0800"
18/03/2020,"19,6200"
17/03/2020,"20,5200"
16/03/2020,"20,6300"
15/03/2020,"21,2200"
14/03/2020,"21,2200"
13/03/2020,"21,2200"
12/03/2020,"21,3200"
11/03/2020,"23,2600"
10/03/2020,"23,5200"
09/03/2020,"23,6600"
08/03/2020,"24,9000"
07/03/2020,"24,9000"
06/03/2020,"24,9000"
05/03/2020,"25,8800"
04/03/2020,"25,7000"
03/03/2020,"25,8600"
02/03/2020,"25,6800"
01/03/2020,"24,9400"
29/02/2020,"24,9400"
28/02/2020,"24,9400"
27/02/2020,"25,8100"
26/02/2020,"26,5900"
25/02/2020,"26,8200"
24/02/2020,"27,0500"
23/02/2020,"28,1600"
22/02/2020,"28,1600"
21/02/2020,"28,1600"
20/02/2020,"28,3100"
19/02/2020,"28,7100"
18/02/2020,"28,2500"
17/02/2020,"28,6500"
16/02/2020,"28,6800"
15/02/2020,"28,6800"
14/02/2020,"28,6800"
13/02/2020,"28,7000"
12/02/2020,"28,6600"
11/02/2020,"28,4200"
10/02/2020,"28,0300"
09/02/2020,"28,0700"
08/02/2020,"28,0700"
07/02/2020,"28,0700"
06/02/2020,"28,1400"
05/02/2020,"27,9600"
04/02/2020,"27,7600"
03/02/2020,"27,0700"
02/02/2020,"26,9200"
01/02/2020,"26,9200"
31/01/2020,"26,9200"
30/01/2020,"27,1400"
29/01/2020,"27,6400"
28/01/2020,"27,6500"
27/01/2020,"27,4300"
26/01/2020,"28,2600"
25/01/2020,"28,2600"
24/01/2020,"28,2600"
23/01/2020,"28,1300"
22/01/2020,"28,2400"
21/01/2020,"28,0900"
20/01/2020,"28,1600"
19/01/2020,"28,0500"
18/01/2020,"28,0500"
17/01/2020,"28,0500"
16/01/2020,"27,9600"
15/01/2020,"27,8100"
14/01/2020,"27,8600"
13/01/2020,"27,7700"
12/01/2020,"27,5500"
11/01/2020,"27,5500"
10/01/2020,"27,5500"
09/01/2020,"27,5100"
08/01/2020,"27,2200"
07/01/2020,"27,0600"
06/01/2020,"26,8500"
05/01/2020,"26,9100"
04/01/2020,"26,9100"
03/01/2020,"26,9100"
02/01/2020,"26,9800"
01/01/2020,"26,6100"
31/12/2019,"26,6100"
30/12/2019,"26,6100"
29/12/2019,"26,8200"
28/12/2019,"26,8200"
27/12/2019,"26,8200"
26/12/2019,"26,7300"
25/12/2019,"26,5800"
24/12/2019,"26,5800"
23/12/2019,"26,6700"
22/12/2019,"26,5300"
21/12/2019,"26,5300"
20/12/2019,"26,5300"
19/12/2019,"26,3600"
18/12/2019,"26,2800"
17/12/2019,"26,1900"
16/12/2019,"26,2300"
15/12/2019,"25,9000"
14/12/2019,"25,9000"
13/12/2019,"25,9000"
12/12/2019,"25,6600"
11/12/2019,"25,3500"
10/12/2019,"25,2600"
09/12/2019,"25,3000"
08/12/2019,"25,3800"
07/12/2019,"25,3800"
06/12/2019,"25,3800"
05/12/2019,"25,0700"
04/12/2019,"25,1400"
03/12/2019,"24,9200"
02/12/2019,"25,2000"
01/12/2019,"25,5100"
30/11/2019,"25,5100"
29/11/2019,"25,5100"
28/11/2019,"25,5700"
27/11/2019,"25,5500"
26/11/2019,"25,4300"
25/11/2019,"25,3700"
24/11/2019,"25,0700"
23/11/2019,"25,0700"
22/11/2019,"25,0700"
21/11/2019,"24,9700"
20/11/2019,"25,2400"
19/11/2019,"25,2800"
18/11/2019,"25,3400"
17/11/2019,"25,3300"
16/11/2019,"25,3300"
15/11/2019,"25,3300"
14/11/2019,"25,0400"
13/11/2019,"25,1200"
12/11/2019,"25,2400"
11/11/2019,"25,1300"
10/11/2019,"25,1900"
09/11/2019,"25,1900"
08/11/2019,"25,1900"
07/11/2019,"25,3900"
06/11/2019,"25,1500"
05/11/2019,"25,2900"
04/11/2019,"25,1100"
03/11/2019,"24,7200"
02/11/2019,"24,7200"
01/11/2019,"24,7200"
31/10/2019,"24,4300"
30/10/2019,"24,4800"
29/10/2019,"24,5400"
28/10/2019,"24,8400"
27/10/2019,"24,6000"
26/10/2019,"24,6000"
25/10/2019,"24,6000"
24/10/2019,"24,3200"
23/10/2019,"24,0400"
22/10/2019,"24,1100"
21/10/2019,"24,1100"
20/10/2019,"23,8300"
19/10/2019,"23,8300"
18/10/2019,"23,8300"
17/10/2019,"24,0800"
16/10/2019,"24,0700"
15/10/2019,"24,1300"
14/10/2019,"23,8600"
13/10/2019,"23,9200"
12/10/2019,"23,9200"
11/10/2019,"23,9200"
10/10/2019,"23,4100"
09/10/2019,"23,2100"
08/10/2019,"23,0900"
07/10/2019,"23,5100"
06/10/2019,"23,4200"
05/10/2019,"23,4200"
04/10/2019,"23,4200"
03/10/2019,"23,0200"
02/10/2019,"22,9600"
01/10/2019,"23,4900"
30/09/2019,"23,5500"
29/09/2019,"23,5700"
28/09/2019,"23,5700"
27/09/2019,"23,5700"
26/09/2019,"23,5400"
25/09/2019,"23,3900"
24/09/2019,"23,4400"
23/09/2019,"23,5800"
22/09/2019,"23,8200"
21/09/2019,"23,8200"
20/09/2019,"23,8200"
19/09/2019,"23,9100"
18/09/2019,"23,7700"
17/09/2019,"23,7400"
16/09/2019,"23,7700"
15/09/2019,"24,0000"
14/09/2019,"24,0000"
13/09/2019,"24,0000"
12/09/2019,"23,9500"
11/09/2019,"23,7900"
10/09/2019,"23,4400"
09/09/2019,"23,5500"
08/09/2019,"23,3400"
07/09/2019,"23,3400"
06/09/2019,"23,3400"
05/09/2019,"23,2600"
04/09/2019,"22,7000"
03/09/2019,"22,2700"
02/09/2019,"22,4200"
01/09/2019,"22,4600"
31/08/2019,"22,4600"
30/08/2019,"22,4600"
29/08/2019,"22,4000"
28/08/2019,"21,9700"
27/08/2019,"21,9800"
26/08/2019,"21,9400"
25/08/2019,"21,9100"
24/08/2019,"21,9100"
23/08/2019,"21,9100"
22/08/2019,"22,3600"
21/08/2019,"22,6000"
20/08/2019,"22,4100"
19/08/2019,"22,4300"
18/08/2019,"22,1400"
17/08/2019,"22,1400"
16/08/2019,"22,1400"
15/08/2019,"21,7200"
14/08/2019,"21,7100"
13/08/2019,"22,3500"
12/08/2019,"22,0300"
11/08/2019,"22,0800"
10/08/2019,"22,0800"
09/08/2019,"22,0800"
08/08/2019,"22,4000"
07/08/2019,"21,9200"
06/08/2019,"21,8700"
05/08/2019,"21,7900"
04/08/2019,"22,5300"
03/08/2019,"22,5300"
02/08/2019,"22,5300"
01/08/2019,"23,5100"
31/07/2019,"23,4100"
30/07/2019,"23,3300"
29/07/2019,"23,3700"
28/07/2019,"23,5300"
27/07/2019,"23,5300"
26/07/2019,"23,5300"
25/07/2019,"23,3800"
24/07/2019,"23,5000"
23/07/2019,"23,2600"
22/07/2019,"23,1600"
21/07/2019,"23,0900"
20/07/2019,"23,0900"
19/07/2019,"23,0900"
18/07/2019,"22,9000"
17/07/2019,"23,0800"
16/07/2019,"23,1800"
15/07/2019,"23,2500"
14/07/2019,"23,1400"
13/07/2019,"23,1400"
12/07/2019,"23,1400"
11/07/2019,"23,1000"
10/07/2019,"22,9800"
09/07/2019,"22,7500"
08/07/2019,"22,6800"
07/07/2019,"22,7900"
06/07/2019,"22,7900"
05/07/2019,"22,7900"
04/07/2019,"23,0100"
03/07/2019,"22,9800"
02/07/2019,"22,8800"
01/07/2019,"22,9500"
30/06/2019,"22,6100"
29/06/2019,"22,6100"
28/06/2019,"22,6100"
27/06/2019,"22,4900"
26/06/2019,"22,4100"
25/06/2019,"22,2700"
24/06/2019,"22,4800"
23/06/2019,"22,3800"
22/06/2019,"22,3800"
21/06/2019,"22,3800"
20/06/2019,"22,4000"
19/06/2019,"22,0900"
18/06/2019,"22,0300"
17/06/2019,"21,6500"
16/06/2019,"21,5500"
15/06/2019,"21,5500"
14/06/2019,"21,5500"
13/06/2019,"21,7900"
12/06/2019,"21,7200"
11/06/2019,"21,9700"
10/06/2019,"22,0000"
09/06/2019,"21,5900"
08/06/2019,"21,5900"
07/06/2019,"21,5900"
06/06/2019,"21,2000"
05/06/2019,"21,2100"
04/06/2019,"21,0600"
03/06/2019,"20,7900"
02/06/2019,"20,9400"
01/06/2019,"20,9400"
31/05/2019,"20,9400"
30/05/2019,"21,1000"
29/05/2019,"20,8600"
28/05/2019,"21,2200"
27/05/2019,"21,2500"
26/05/2019,"21,3000"
25/05/2019,"21,3000"
24/05/2019,"21,3000"
23/05/2019,"21,2200"
22/05/2019,"21,6900"
21/05/2019,"21,7700"
20/05/2019,"21,5100"
19/05/2019,"22,0700"
18/05/2019,"22,0700"
17/05/2019,"22,0700"
16/05/2019,"22,4100"
15/05/2019,"22,2300"
14/05/2019,"22,0500"
13/05/2019,"21,7600"
12/05/2019,"22,1600"
11/05/2019,"22,1600"
10/05/2019,"22,1600"
09/05/2019,"22,3400"
08/05/2019,"22,8100"
07/05/2019,"22,8500"
06/05/2019,"23,2300"
05/05/2019,"23,4900"
04/05/2019,"23,4900"
03/05/2019,"23,4900"
02/05/2019,"23,2600"
01/05/2019,"23,6300"
30/04/2019,"23,3700"
29/04/2019,"23,5000"
28/04/2019,"23,3800"
27/04/2019,"23,3800"
26/04/2019,"23,3800"
25/04/2019,"23,4700"
24/04/2019,"23,5600"
23/04/2019,"23,4300"
22/04/2019,"23,2000"
21/04/2019,"23,2000"
20/04/2019,"23,2000"
19/04/2019,"23,2000"
18/04/2019,"23,1900"
17/04/2019,"23,2000"
16/04/2019,"22,8700"
15/04/2019,"22,7600"
14/04/2019,"22,7700"
13/04/2019,"22,7700"
12/04/2019,"22,7700"
11/04/2019,"22,6100"
10/04/2019,"22,6100"
09/04/2019,"22,5700"
08/04/2019,"22,5900"
07/04/2019,"22,6000"
06/04/2019,"22,6000"
05/04/2019,"22,6000"
04/04/2019,"22,4700"
03/04/2019,"22,6100"
02/04/2019,"22,1900"
01/04/2019,"22,0900"
31/03/2019,"21,7700"
30/03/2019,"21,7700"
29/03/2019,"21,7700"
28/03/2019,"21,5900"
27/03/2019,"21,5600"
26/03/2019,"21,8100"
25/03/2019,"21,7100"
24/03/2019,"21,9200"
23/03/2019,"21,9200"
22/03/2019,"21,9200"
21/03/2019,"22,2800"
20/03/2019,"21,7900"
19/03/2019,"21,9700"
18/03/2019,"21,7600"
17/03/2019,"21,8600"
16/03/2019,"21,8600"
15/03/2019,"21,8600"
14/03/2019,"21,6600"
13/03/2019,"21,7700"
12/03/2019,"21,6300"
11/03/2019,"21,4800"
10/03/2019,"21,0600"
09/03/2019,"21,0600"
08/03/2019,"21,0600"
07/03/2019,"21,2400"
06/03/2019,"21,4200"
05/03/2019,"21,4900"
04/03/2019,"21,3600"
03/03/2019,"21,3900"
02/03/2019,"21,3900"
01/03/2019,"21,3900"
28/02/2019,"21,3600"
27/02/2019,"21,4700"
26/02/2019,"21,5900"
25/02/2019,"21,6700"
24/02/2019,"21,4800"
23/02/2019,"21,4800"
22/02/2019,"21,4800"
21/02/2019,"21,3200"
20/02/2019,"21,4500"
19/02/2019,"21,3200"
18/02/2019,"21,3300"
17/02/2019,"21,3300"
16/02/2019,"21,3300"
15/02/2019,"21,3300"
14/02/2019,"21,3600"
13/02/2019,"21,3400"
12/02/2019,"21,2100"
11/02/2019,"20,8900"
10/02/2019,"20,7100"
09/02/2019,"20,7100"
08/02/2019,"20,7100"
07/02/2019,"20,6600"
06/02/2019,"21,1200"
05/02/2019,"21,1100"
04/02/2019,"20,8500"
03/02/2019,"20,8200"
02/02/2019,"20,8200"
01/02/2019,"20,8200"
31/01/2019,"20,7200"
30/01/2019,"20,2500"
29/01/2019,"20,0700"
28/01/2019,"20,1100"
27/01/2019,"20,3800"
26/01/2019,"20,3800"
25/01/2019,"20,3800"
24/01/2019,"20,0400"
23/01/2019,"19,4800"
22/01/2019,"19,6000"
21/01/2019,"19,9500"
20/01/2019,"20,0500"
19/01/2019,"20,0500"
18/01/2019,"20,0500"
17/01/2019,"19,5600"
16/01/2019,"19,5700"
15/01/2019,"19,5100"
14/01/2019,"19,2800"
13/01/2019,"19,4800"
12/01/2019,"19,4800"
11/01/2019,"19,4800"
10/01/2019,"19,5200"
09/01/2019,"19,5100"
08/01/2019,"19,0500"
07/01/2019,"19,0300"
06/01/2019,"18,5500"
05/01/2019,"18,5500"
04/01/2019,"18,5500"
03/01/2019,"18,0900"
02/01/2019,"18,5200"
01/01/2019,"18,5300"
31/12/2018,"18,5300"
30/12/2018,"18,5000"
29/12/2018,"18,5000"
28/12/2018,"18,5000"
27/12/2018,"18,1100"
26/12/2018,"17,7800"
25/12/2018,"17,7500"
24/12/2018,"17,7500"
23/12/2018,"18,1500"
22/12/2018,"18,1500"
21/12/2018,"18,1500"
20/12/2018,"18,2800"
19/12/2018,"19,0200"
18/12/2018,"18,9400"
17/12/2018,"19,1400"
16/12/2018,"19,2100"
15/12/2018,"19,2100"
14/12/2018,"19,2100"
13/12/2018,"19,5200"
12/12/2018,"19,7200"
11/12/2018,"19,4500"
10/12/2018,"19,0600"
09/12/2018,"19,3000"
08/12/2018,"19,3000"
07/12/2018,"19,3000"
06/12/2018,"19,3500"
05/12/2018,"19,7200"
04/12/2018,"20,0400"
03/12/2018,"20,2300"
02/12/2018,"19,8700"
01/12/2018,"19,8700"
30/11/2018,"19,8700"
29/11/2018,"19,8700"
28/11/2018,"19,5600"
27/11/2018,"19,5500"
26/11/2018,"19,4600"
25/11/2018,"19,2000"
24/11/2018,"19,2000"
23/11/2018,"19,2000"
22/11/2018,"19,1600"
21/11/2018,"19,3600"
20/11/2018,"19,1300"
19/11/2018,"19,4200"
18/11/2018,"19,6600"
17/11/2018,"19,6600"
16/11/2018,"19,6600"
15/11/2018,"19,6600"
14/11/2018,"19,5500"
13/11/2018,"19,6800"
12/11/2018,"19,4100"
11/11/2018,"19,8600"
10/11/2018,"19,8600"
09/11/2018,"19,8600"
08/11/2018,"20,2600"
07/11/2018,"20,2700"
06/11/2018,"19,8700"
05/11/2018,"19,6200"
04/11/2018,"19,7500"
03/11/2018,"19,7500"
02/11/2018,"19,7500"
01/11/2018,"19,8400"
31/10/2018,"19,4600"
30/10/2018,"18,9700"
29/10/2018,"18,9000"
28/10/2018,"18,8400"
27/10/2018,"18,8400"
26/10/2018,"18,8400"
25/10/2018,"18,9600"
24/10/2018,"19,0200"
23/10/2018,"19,0700"
22/10/2018,"19,4200"
21/10/2018,"19,4400"
20/10/2018,"19,4400"
19/10/2018,"19,4400"
18/10/2018,"19,4200"
17/10/2018,"19,8400"
16/10/2018,"19,8900"
15/10/2018,"19,5000"
14/10/2018,"19,4900"
13/10/2018,"19,4900"
12/10/2018,"19,4900"
11/10/2018,"19,3000"
10/10/2018,"19,6000"
09/10/2018,"20,1100"
08/10/2018,"20,0700"
07/10/2018,"20,2300"
06/10/2018,"20,2300"
05/10/2018,"20,2300"
04/10/2018,"20,5700"
03/10/2018,"20,9800"
02/10/2018,"21,0700"
01/10/2018,"21,1500"
30/09/2018,"21,1000"
29/09/2018,"21,1000"
28/09/2018,"21,1000"
27/09/2018,"21,1700"
26/09/2018,"21,1600"
25/09/2018,"21,0600"
24/09/2018,"21,0000"
23/09/2018,"21,1500"
22/09/2018,"21,1500"
21/09/2018,"21,1500"
20/09/2018,"21,0600"
19/09/2018,"20,8200"
18/09/2018,"20,7700"
17/09/2018,"20,7400"
16/09/2018,"20,8800"
15/09/2018,"20,8800"
14/09/2018,"20,8800"
13/09/2018,"20,7600"
12/09/2018,"20,5000"
11/09/2018,"20,6300"
10/09/2018,"20,6000"
09/09/2018,"20,6700"
08/09/2018,"20,6700"
07/09/2018,"20,6700"
06/09/2018,"20,6300"
05/09/2018,"20,8100"
04/09/2018,"21,0100"
03/09/2018,"21,1900"
02/09/2018,"21,1600"
01/09/2018,"21,1600"
31/08/2018,"21,1600"
30/08/2018,"21,2400"
29/08/2018,"21,3400"
28/08/2018,"21,1700"
27/08/2018,"21,2000"
26/08/2018,"20,9400"
25/08/2018,"20,9400"
24/08/2018,"20,9400"
23/08/2018,"20,7800"
22/08/2018,"20,8300"
21/08/2018,"20,7800"
20/08/2018,"20,5500"
19/08/2018,"20,4900"
18/08/2018,"20,4900"
17/08/2018,"20,4900"
16/08/2018,"20,5700"
15/08/2018,"20,2800"
14/08/2018,"20,6500"
13/08/2018,"20,6600"
12/08/2018,"20,8000"
11/08/2018,"20,8000"
10/08/2018,"20,8000"
09/08/2018,"21,0100"
08/08/2018,"21,0100"
07/08/2018,"20,9900"
06/08/2018,"20,8500"
05/08/2018,"20,8300"
04/08/2018,"20,8300"
03/08/2018,"20,8300"
02/08/2018,"20,7000"
01/08/2018,"20,6900"
31/07/2018,"20,7900"
30/07/2018,"20,7100"
29/07/2018,"20,9700"
28/07/2018,"20,9700"
27/07/2018,"20,9700"
26/07/2018,"21,1500"
25/07/2018,"20,9800"
24/07/2018,"21,0400"
23/07/2018,"20,8500"
22/07/2018,"20,9500"
21/07/2018,"20,9500"
20/07/2018,"20,9500"
19/07/2018,"20,9300"
18/07/2018,"20,9600"
17/07/2018,"20,8100"
16/07/2018,"20,8000"
15/07/2018,"20,8600"
14/07/2018,"20,8600"
13/07/2018,"20,8600"
12/07/2018,"20,7900"
11/07/2018,"20,5400"
10/07/2018,"20,7400"
09/07/2018,"20,5400"
08/07/2018,"20,3700"
07/07/2018,"20,3700"
06/07/2018,"20,3700"
05/07/2018,"20,1200"
04/07/2018,"19,9800"
03/07/2018,"20,1500"
02/07/2018,"19,9800"
01/07/2018,"20,1100"
30/06/2018,"20,1100"
29/06/2018,"20,1100"
28/06/2018,"19,8100"
27/06/2018,"20,0500"
26/06/2018,"20,0600"
25/06/2018,"20,0100"
24/06/2018,"20,4400"
23/06/2018,"20,4400"
22/06/2018,"20,4400"
21/06/2018,"20,5600"
20/06/2018,"20,6800"
19/06/2018,"20,5400"
18/06/2018,"20,7200"
17/06/2018,"20,8100"
16/06/2018,"20,8100"
15/06/2018,"20,8100"
14/06/2018,"20,9800"
13/06/2018,"21,0500"
12/06/2018,"20,9800"
11/06/2018,"20,8700"
10/06/2018,"20,7400"
09/06/2018,"20,7400"
08/06/2018,"20,7400"
07/06/2018,"20,8700"
06/06/2018,"20,8600"
05/06/2018,"20,7400"
04/06/2018,"20,6300"
03/06/2018,"20,5200"
02/06/2018,"20,5200"
01/06/2018,"20,5200"
31/05/2018,"20,2900"
30/05/2018,"20,2000"
29/05/2018,"20,1000"
28/05/2018,"20,3100"
27/05/2018,"20,3400"
26/05/2018,"20,3400"
25/05/2018,"20,3400"
24/05/2018,"20,1700"
23/05/2018,"20,1500"
22/05/2018,"20,2600"
21/05/2018,"20,2000"
20/05/2018,"20,1200"
19/05/2018,"20,1200"
18/05/2018,"20,1200"
17/05/2018,"20,1300"
16/05/2018,"20,0400"
15/05/2018,"19,9800"
14/05/2018,"20,2500"
13/05/2018,"20,1400"
12/05/2018,"20,1400"
11/05/2018,"20,1400"
10/05/2018,"20,1200"
09/05/2018,"19,8800"
08/05/2018,"19,7000"
07/05/2018,"19,7200"
06/05/2018,"19,4600"
05/05/2018,"19,4600"
04/05/2018,"19,4600"
03/05/2018,"19,1100"
02/05/2018,"19,3200"
01/05/2018,"19,0800"
30/04/2018,"19,1600"
29/04/2018,"19,2100"
28/04/2018,"19,2100"
27/04/2018,"19,2100"
26/04/2018,"19,1800"
25/04/2018,"19,0500"
24/04/2018,"19,3500"
23/04/2018,"19,4900"
22/04/2018,"19,4800"
21/04/2018,"19,4800"
20/04/2018,"19,4800"
19/04/2018,"19,7300"
18/04/2018,"19,9500"
17/04/2018,"19,9400"
16/04/2018,"19,6700"
15/04/2018,"19,6600"
14/04/2018,"19,6600"
13/04/2018,"19,6600"
12/04/2018,"19,7600"
11/04/2018,"19,6600"
10/04/2018,"19,6100"
09/04/2018,"19,6000"
08/04/2018,"19,4900"
07/04/2018,"19,4900"
06/04/2018,"19,4900"
05/04/2018,"19,7400"
04/04/2018,"19,2700"
03/04/2018,"19,3000"
02/04/2018,"19,2900"
01/04/2018,"19,7200"
31/03/2018,"19,7200"
30/03/2018,"19,7200"
29/03/2018,"19,6400"
28/03/2018,"19,4400"
27/03/2018,"20,0700"
26/03/2018,"19,6700"
25/03/2018,"19,6900"
24/03/2018,"19,6900"
23/03/2018,"19,6900"
22/03/2018,"20,0300"
21/03/2018,"20,4400"
20/03/2018,"20,4000"
19/03/2018,"20,3500"
18/03/2018,"20,7900"
17/03/2018,"20,7900"
16/03/2018,"20,7900"
15/03/2018,"20,8300"
14/03/2018,"20,7700"
13/03/2018,"20,8900"
12/03/2018,"20,9800"
11/03/2018,"20,8400"
10/03/2018,"20,8400"
09/03/2018,"20,8400"
08/03/2018,"20,5900"
07/03/2018,"20,3500"
06/03/2018,"20,2900"
05/03/2018,"20,0800"
04/03/2018,"19,7600"
03/03/2018,"19,7600"
02/03/2018,"19,7600"
01/03/2018,"19,9700"
28/02/2018,"20,1300"
27/02/2018,"20,1600"
26/02/2018,"20,1900"
25/02/2018,"19,9600"
24/02/2018,"19,9600"
23/02/2018,"19,9600"
22/02/2018,"19,9400"
21/02/2018,"19,9800"
20/02/2018,"19,9400"
19/02/2018,"19,7900"
18/02/2018,"19,9700"
17/02/2018,"19,9700"
16/02/2018,"19,9700"
15/02/2018,"19,6900"
14/02/2018,"19,3700"
13/02/2018,"19,1000"
12/02/2018,"19,0800"
11/02/2018,"18,5500"
10/02/2018,"18,5500"
09/02/2018,"18,5500"
08/02/2018,"18,9800"
07/02/2018,"19,4900"
06/02/2018,"19,0900"
05/02/2018,"19,7400"
04/02/2018,"19,9400"
03/02/2018,"19,9400"
02/02/2018,"19,9400"
01/02/2018,"20,3400"
31/01/2018,"20,3000"
30/01/2018,"20,3200"
29/01/2018,"20,5200"
28/01/2018,"20,5100"
27/01/2018,"20,5100"
26/01/2018,"20,5100"
25/01/2018,"20,4500"
24/01/2018,"20,4000"
23/01/2018,"20,5000"
22/01/2018,"20,3600"
21/01/2018,"20,1700"
20/01/2018,"20,1700"
19/01/2018,"20,1700"
18/01/2018,"20,1000"
17/01/2018,"20,0000"
16/01/2018,"20,0400"
15/01/2018,"19,9900"
14/01/2018,"19,9700"
13/01/2018,"19,9700"
12/01/2018,"19,9700"
11/01/2018,"19,8100"
10/01/2018,"19,7700"
09/01/2018,"19,9200"
08/01/2018,"19,9300"
07/01/2018,"19,9100"
06/01/2018,"19,9100"
05/01/2018,"19,9100"
04/01/2018,"19,7900"
03/01/2018,"19,6600"
02/01/2018,"19,4600"
01/01/2018,"19,3600"
31/12/2017,"19,3600"
30/12/2017,"19,3600"
29/12/2017,"19,3600"
28/12/2017,"19,3700"
27/12/2017,"19,3400"
26/12/2017,"19,3100"
25/12/2017,"19,3900"
24/12/2017,"19,3900"
23/12/2017,"19,3900"
22/12/2017,"19,3900"
21/12/2017,"19,4600"
20/12/2017,"19,4100"
19/12/2017,"19,4300"
18/12/2017,"19,5200"
17/12/2017,"19,2600"
16/12/2017,"19,2600"
15/12/2017,"19,2600"
14/12/2017,"19,2300"
13/12/2017,"19,2300"
12/12/2017,"19,2100"
11/12/2017,"19,1100"
10/12/2017,"19,0200"
09/12/2017,"19,0200"
08/12/2017,"19,0200"
07/12/2017,"18,9600"
06/12/2017,"18,7900"
05/12/2017,"18,9100"
04/12/2017,"18,9800"
03/12/2017,"18,9700"
02/12/2017,"18,9700"
01/12/2017,"18,9700"
30/11/2017,"19,1300"
29/11/2017,"19,0600"
28/11/2017,"19,3100"
27/11/2017,"19,2500"
26/11/2017,"19,3500"
25/11/2017,"19,3500"
24/11/2017,"19,3500"
23/11/2017,"19,2500"
22/11/2017,"19,2400"
21/11/2017,"19,2500"
20/11/2017,"19,0300"
19/11/2017,"19,0200"
18/11/2017,"19,0200"
17/11/2017,"19,0200"
16/11/2017,"18,9200"
15/11/2017,"18,7300"
14/11/2017,"18,8300"
13/11/2017,"18,8600"
12/11/2017,"18,8200"
11/11/2017,"18,8200"
10/11/2017,"18,8200"
09/11/2017,"18,8100"
08/11/2017,"18,9700"
07/11/2017,"18,9000"
06/11/2017,"18,9500"
05/11/2017,"18,8000"
04/11/2017,"18,8000"
03/11/2017,"18,8000"
02/11/2017,"18,7900"
01/11/2017,"18,8000"
31/10/2017,"18,7400"
30/10/2017,"18,5500"
29/10/2017,"18,5200"
28/10/2017,"18,5200"
27/10/2017,"18,5200"
26/10/2017,"18,2300"
25/10/2017,"18,1400"
24/10/2017,"18,2500"
23/10/2017,"18,2600"
22/10/2017,"18,2400"
21/10/2017,"18,2400"
20/10/2017,"18,2400"
19/10/2017,"18,1400"
18/10/2017,"18,1700"
17/10/2017,"18,0700"
16/10/2017,"18,1000"
15/10/2017,"18,1400"
14/10/2017,"18,1400"
13/10/2017,"18,1400"
12/10/2017,"18,0700"
11/10/2017,"18,0100"
10/10/2017,"17,9500"
09/10/2017,"17,9600"
08/10/2017,"17,9300"
07/10/2017,"17,9300"
06/10/2017,"17,9300"
05/10/2017,"17,8900"
04/10/2017,"17,8300"
03/10/2017,"17,8100"
02/10/2017,"17,6900"
01/10/2017,"17,6400"
30/09/2017,"17,6400"
29/09/2017,"17,6400"
28/09/2017,"17,5000"
27/09/2017,"17,4500"
26/09/2017,"17,3500"
25/09/2017,"17,3400"
24/09/2017,"17,5200"
23/09/2017,"17,5200"
22/09/2017,"17,5200"
21/09/2017,"17,5300"
20/09/2017,"17,5800"
19/09/2017,"17,6300"
18/09/2017,"17,6400"
17/09/2017,"17,5600"
16/09/2017,"17,5600"
15/09/2017,"17,5600"
14/09/2017,"17,5200"
13/09/2017,"17,5100"
12/09/2017,"17,5400"
11/09/2017,"17,5100"
10/09/2017,"17,3700"
09/09/2017,"17,3700"
08/09/2017,"17,3700"
07/09/2017,"17,3900"
06/09/2017,"17,3000"
05/09/2017,"17,3100"
04/09/2017,"17,3000"
03/09/2017,"17,3700"
02/09/2017,"17,3700"
01/09/2017,"17,3700"
31/08/2017,"17,3100"
30/08/2017,"17,1900"
29/08/2017,"17,1000"
28/08/2017,"17,1000"
27/08/2017,"17,1100"
26/08/2017,"17,1100"
25/08/2017,"17,1100"
24/08/2017,"17,0800"
23/08/2017,"17,0700"
22/08/2017,"17,0100"
21/08/2017,"16,8400"
20/08/2017,"16,9000"
19/08/2017,"16,9000"
18/08/2017,"16,9000"
17/08/2017,"17,0200"
16/08/2017,"17,0800"
15/08/2017,"16,9300"
14/08/2017,"16,9600"
13/08/2017,"16,7400"
12/08/2017,"16,7400"
11/08/2017,"16,7400"
10/08/2017,"16,8100"
09/08/2017,"17,0100"
08/08/2017,"17,1700"
07/08/2017,"17,1100"
06/08/2017,"17,0800"
05/08/2017,"17,0800"
04/08/2017,"17,0800"
03/08/2017,"17,0200"
02/08/2017,"17,0200"
01/08/2017,"17,0700"
31/07/2017,"17,0400"
30/07/2017,"17,0200"
29/07/2017,"17,0200"
28/07/2017,"17,0200"
27/07/2017,"17,1700"
26/07/2017,"17,0400"
25/07/2017,"17,1800"
24/07/2017,"17,1000"
23/07/2017,"17,1000"
22/07/2017,"17,1000"
21/07/2017,"17,1000"
20/07/2017,"17,1400"
19/07/2017,"17,1300"
18/07/2017,"17,0100"
17/07/2017,"17,0600"
16/07/2017,"17,0300"
15/07/2017,"17,0300"
14/07/2017,"17,0300"
13/07/2017,"16,9900"
12/07/2017,"16,9200"
11/07/2017,"16,6800"
10/07/2017,"16,6400"
09/07/2017,"16,5800"
08/07/2017,"16,5800"
07/07/2017,"16,5800"
06/07/2017,"16,5200"
05/07/2017,"16,5900"
04/07/2017,"16,4800"
03/07/2017,"16,5600"
02/07/2017,"16,6200"
01/07/2017,"16,6200"
30/06/2017,"16,6200"
29/06/2017,"16,5900"
28/06/2017,"16,7700"
27/06/2017,"16,8700"
26/06/2017,"16,9800"
25/06/2017,"17,0000"
24/06/2017,"17,0000"
23/06/2017,"17,0000"
22/06/2017,"16,9200"
21/06/2017,"16,8200"
20/06/2017,"16,8100"
19/06/2017,"16,8300"
18/06/2017,"16,6100"
17/06/2017,"16,6100"
16/06/2017,"16,6100"
15/06/2017,"16,5400"
14/06/2017,"16,8400"
13/06/2017,"16,7900"
12/06/2017,"16,6700"
11/06/2017,"17,1400"
10/06/2017,"17,1400"
09/06/2017,"17,1400"
08/06/2017,"17,1100"
07/06/2017,"17,0500"
06/06/2017,"17,1100"
05/06/2017,"17,1100"
04/06/2017,"17,0700"
03/06/2017,"17,0700"
02/06/2017,"17,0700"
01/06/2017,"16,9100"
31/05/2017,"16,8200"
30/05/2017,"16,8800"
29/05/2017,"16,8900"
28/05/2017,"16,9000"
27/05/2017,"16,9000"
26/05/2017,"16,9000"
25/05/2017,"16,9200"
24/05/2017,"16,7900"
23/05/2017,"16,7700"
22/05/2017,"16,7700"
21/05/2017,"16,6400"
20/05/2017,"16,6400"
19/05/2017,"16,6400"
18/05/2017,"16,4400"
17/05/2017,"16,5900"
16/05/2017,"16,7800"
15/05/2017,"16,7300"
14/05/2017,"16,6100"
13/05/2017,"16,6100"
12/05/2017,"16,6100"
11/05/2017,"16,5200"
10/05/2017,"16,6000"
09/05/2017,"16,5900"
08/05/2017,"16,5100"
07/05/2017,"16,4600"
06/05/2017,"16,4600"
05/05/2017,"16,4600"
04/05/2017,"16,3700"
03/05/2017,"16,2900"
02/05/2017,"16,3800"
01/05/2017,"16,2500"
30/04/2017,"16,1600"
29/04/2017,"16,1600"
28/04/2017,"16,1600"
27/04/2017,"16,1000"
26/04/2017,"16,0900"
25/04/2017,"16,0900"
24/04/2017,"15,9000"
23/04/2017,"15,7500"
22/04/2017,"15,7500"
21/04/2017,"15,7500"
20/04/2017,"15,7200"
19/04/2017,"15,6700"
18/04/2017,"15,5700"
17/04/2017,"15,5700"
16/04/2017,"15,4700"
15/04/2017,"15,4700"
14/04/2017,"15,4700"
13/04/2017,"15,6000"
12/04/2017,"15,5400"
11/04/2017,"15,5100"
10/04/2017,"15,6500"
09/04/2017,"15,6500"
08/04/2017,"15,6500"
07/04/2017,"15,6500"
06/04/2017,"15,6700"
05/04/2017,"15,7500"
04/04/2017,"15,6800"
03/04/2017,"15,6500"
02/04/2017,"15,7800"
01/04/2017,"15,7800"
31/03/2017,"15,7800"
30/03/2017,"15,7900"
29/03/2017,"15,7500"
28/03/2017,"15,7300"
27/03/2017,"15,6200"
26/03/2017,"15,7100"
25/03/2017,"15,7100"
24/03/2017,"15,7100"
23/03/2017,"15,6400"
22/03/2017,"15,5900"
21/03/2017,"15,6800"
20/03/2017,"15,8500"
19/03/2017,"15,8500"
18/03/2017,"15,8500"
17/03/2017,"15,8500"
16/03/2017,"15,8300"
15/03/2017,"15,6400"
14/03/2017,"15,5900"
13/03/2017,"15,6400"
12/03/2017,"15,5800"
11/03/2017,"15,5800"
10/03/2017,"15,5800"
09/03/2017,"15,5300"
08/03/2017,"15,5300"
07/03/2017,"15,5200"
06/03/2017,"15,4800"
05/03/2017,"15,5200"
04/03/2017,"15,5200"
03/03/2017,"15,5200"
02/03/2017,"15,5800"
01/03/2017,"15,6300"
28/02/2017,"15,5400"
27/02/2017,"15,5700"
26/02/2017,"15,5300"
25/02/2017,"15,5300"
24/02/2017,"15,5300"
23/02/2017,"15,5700"
22/02/2017,"15,5700"
21/02/2017,"15,5100"
20/02/2017,"15,4600"
19/02/2017,"15,4000"
18/02/2017,"15,4000"
17/02/2017,"15,4000"
16/02/2017,"15,4300"
15/02/2017,"15,4200"
14/02/2017,"15,3600"
13/02/2017,"15,3600"
12/02/2017,"15,2900"
11/02/2017,"15,2900"
10/02/2017,"15,2900"
09/02/2017,"15,2600"
08/02/2017,"15,1700"
07/02/2017,"15,1700"
06/02/2017,"15,1500"
05/02/2017,"15,1500"
04/02/2017,"15,1500"
03/02/2017,"15,1500"
02/02/2017,"15,0500"
01/02/2017,"14,9900"
31/01/2017,"14,9100"
30/01/2017,"14,9300"
29/01/2017,"15,0700"
28/01/2017,"15,0700"
27/01/2017,"15,0700"
26/01/2017,"15,0900"
25/01/2017,"15,1000"
24/01/2017,"14,8600"
23/01/2017,"14,7200"
22/01/2017,"14,7500"
21/01/2017,"14,7500"
20/01/2017,"14,7500"
19/01/2017,"14,7300"
18/01/2017,"14,7200"
17/01/2017,"14,7500"
16/01/2017,"14,7600"
15/01/2017,"14,8000"
14/01/2017,"14,8000"
13/01/2017,"14,8000"
12/01/2017,"14,6700"
11/01/2017,"14,7300"
10/01/2017,"14,6700"
09/01/2017,"14,6200"
08/01/2017,"14,5600"
07/01/2017,"14,5600"
06/01/2017,"14,5600"
05/01/2017,"14,4500"
04/01/2017,"14,4100"
03/01/2017,"14,2500"
02/01/2017,"14,1900"
01/01/2017,"14,2200"
31/12/2016,"14,2200"
30/12/2016,"14,2200"
29/12/2016,"14,2100"
28/12/2016,"14,2900"
27/12/2016,"14,3500"
26/12/2016,"14,2700"
25/12/2016,"14,2400"
24/12/2016,"14,2400"
23/12/2016,"14,2400"
22/12/2016,"14,2200"
21/12/2016,"14,3300"
20/12/2016,"14,3600"
19/12/2016,"14,3400"
18/12/2016,"14,3100"
17/12/2016,"14,3100"
16/12/2016,"14,3100"
15/12/2016,"14,3600"
14/12/2016,"14,3500"
13/12/2016,"14,3900"
12/12/2016,"14,2000"
11/12/2016,"14,3000"
10/12/2016,"14,3000"
09/12/2016,"14,3000"
08/12/2016,"14,2700"
07/12/2016,"14,0700"
06/12/2016,"13,9200"
05/12/2016,"13,8800"
04/12/2016,"13,7300"
03/12/2016,"13,7300"
02/12/2016,"13,7300"
01/12/2016,"13,7800"
30/11/2016,"13,9800"
29/11/2016,"14,0700"
28/11/2016,"14,0400"
27/11/2016,"14,0400"
26/11/2016,"14,0400"
25/11/2016,"14,0400"
24/11/2016,"13,9900"
23/11/2016,"13,9900"
22/11/2016,"14,0100"
21/11/2016,"13,9800"
20/11/2016,"13,9500"
19/11/2016,"13,9500"
18/11/2016,"13,9500"
17/11/2016,"13,9300"
16/11/2016,"13,8400"
15/11/2016,"13,8000"
14/11/2016,"13,6400"
13/11/2016,"13,6800"
12/11/2016,"13,6800"
11/11/2016,"13,6800"
10/11/2016,"13,6900"
09/11/2016,"13,8100"
08/11/2016,"13,9200"
07/11/2016,"13,8700"
06/11/2016,"13,7000"
05/11/2016,"13,7000"
04/11/2016,"13,7000"
03/11/2016,"13,6400"
02/11/2016,"13,7500"
01/11/2016,"13,8400"
31/10/2016,"13,9600"
30/10/2016,"14,0200"
29/10/2016,"14,0200"
28/10/2016,"14,0200"
27/10/2016,"13,9400"
26/10/2016,"13,9400"
25/10/2016,"13,8700"
24/10/2016,"13,9200"
23/10/2016,"13,8200"
22/10/2016,"13,8200"
21/10/2016,"13,8200"
20/10/2016,"13,8500"
19/10/2016,"13,8800"
18/10/2016,"13,9200"
17/10/2016,"13,7900"
16/10/2016,"13,7900"
15/10/2016,"13,7900"
14/10/2016,"13,7900"
13/10/2016,"13,7300"
12/10/2016,"13,8600"
11/10/2016,"14,0000"
10/10/2016,"14,2600"
09/10/2016,"14,1200"
08/10/2016,"14,1200"
07/10/2016,"14,1200"
06/10/2016,"14,1900"
05/10/2016,"14,2100"
04/10/2016,"14,1400"
03/10/2016,"14,0800"
02/10/2016,"14,1100"
01/10/2016,"14,1100"
30/09/2016,"14,1100"
29/09/2016,"14,0500"
28/09/2016,"14,0000"
27/09/2016,"14,0200"
26/09/2016,"13,9300"
25/09/2016,"14,0900"
24/09/2016,"14,0900"
23/09/2016,"14,0900"
22/09/2016,"14,1100"
21/09/2016,"13,8900"
20/09/2016,"13,8100"
19/09/2016,"13,8600"
18/09/2016,"13,7700"
17/09/2016,"13,7700"
16/09/2016,"13,7700"
15/09/2016,"13,7700"
14/09/2016,"13,6500"
13/09/2016,"13,5600"
12/09/2016,"13,6100"
11/09/2016,"13,7200"
10/09/2016,"13,7200"
09/09/2016,"13,7200"
08/09/2016,"13,9200"
07/09/2016,"13,9600"
06/09/2016,"13,8500"
05/09/2016,"13,7700"
04/09/2016,"13,7800"
03/09/2016,"13,7800"
02/09/2016,"13,7800"
01/09/2016,"13,6700"
31/08/2016,"13,6600"
30/08/2016,"13,7200"
29/08/2016,"13,7200"
28/08/2016,"13,6700"
27/08/2016,"13,6700"
26/08/2016,"13,6700"
25/08/2016,"13,6300"
24/08/2016,"13,6500"
23/08/2016,"13,7300"
22/08/2016,"13,6100"
21/08/2016,"13,6700"
20/08/2016,"13,6700"
19/08/2016,"13,6700"
18/08/2016,"13,5800"
17/08/2016,"13,4300"
16/08/2016,"13,5800"
15/08/2016,"13,6000"
14/08/2016,"13,4400"
13/08/2016,"13,4400"
12/08/2016,"13,4400"
11/08/2016,"13,4600"
10/08/2016,"13,3900"
09/08/2016,"13,4600"
08/08/2016,"13,4000"
07/08/2016,"13,3800"
06/08/2016,"13,3800"
05/08/2016,"13,3800"
04/08/2016,"13,1600"
03/08/2016,"13,0800"
02/08/2016,"13,0900"
01/08/2016,"13,2600"
31/07/2016,"13,2300"
30/07/2016,"13,2300"
29/07/2016,"13,2300"
28/07/2016,"13,1700"
27/07/2016,"13,1200"
26/07/2016,"13,0600"
25/07/2016,"13,0200"
24/07/2016,"13,0000"
23/07/2016,"13,0000"
22/07/2016,"13,0000"
21/07/2016,"13,0200"
20/07/2016,"13,0500"
19/07/2016,"12,9400"
18/07/2016,"12,9300"
17/07/2016,"12,8300"
16/07/2016,"12,8300"
15/07/2016,"12,8300"
14/07/2016,"12,8700"
13/07/2016,"12,7500"
12/07/2016,"12,7800"
11/07/2016,"12,6300"
10/07/2016,"12,4300"
09/07/2016,"12,4300"
08/07/2016,"12,4300"
07/07/2016,"12,2400"
06/07/2016,"12,1000"
05/07/2016,"12,1400"
04/07/2016,"12,3400"
03/07/2016,"12,3700"
02/07/2016,"12,3700"
01/07/2016,"12,3700"
30/06/2016,"12,2300"
29/06/2016,"12,1400"
28/06/2016,"11,9000"
27/06/2016,"11,7300"
26/06/2016,"12,2500"
25/06/2016,"12,2500"
24/06/2016,"12,2500"
23/06/2016,"12,6800"
22/06/2016,"12,5600"
21/06/2016,"12,4800"
20/06/2016,"12,5200"
19/06/2016,"12,2500"
18/06/2016,"12,2500"
17/06/2016,"12,2500"
16/06/2016,"12,2000"
15/06/2016,"12,4100"
14/06/2016,"12,2300"
13/06/2016,"12,3500"
12/06/2016,"12,3400"
11/06/2016,"12,3400"
10/06/2016,"12,3400"
09/06/2016,"12,5200"
08/06/2016,"12,5500"
07/06/2016,"12,5300"
06/06/2016,"12,4900"
05/06/2016,"12,4100"
04/06/2016,"12,4100"
03/06/2016,"12,4100"
02/06/2016,"12,4000"
01/06/2016,"12,3900"
31/05/2016,"12,3700"
30/05/2016,"12,3500"
29/05/2016,"12,3300"
28/05/2016,"12,3300"
27/05/2016,"12,3300"
26/05/2016,"12,2100"
25/05/2016,"12,2000"
24/05/2016,"12,0500"
23/05/2016,"11,8900"
22/05/2016,"11,8100"
21/05/2016,"11,8100"
20/05/2016,"11,8100"
19/05/2016,"11,5800"
18/05/2016,"11,7300"
17/05/2016,"11,7400"
16/05/2016,"11,6800"
15/05/2016,"11,6000"
14/05/2016,"11,6000"
13/05/2016,"11,6000"
12/05/2016,"11,4800"
11/05/2016,"11,7200"
10/05/2016,"11,7100"
09/05/2016,"11,5900"
08/05/2016,"11,5100"
07/05/2016,"11,5100"
06/05/2016,"11,5100"
05/05/2016,"11,6100"
04/05/2016,"11,6000"
03/05/2016,"11,6500"
02/05/2016,"11,7400"
01/05/2016,"11,7200"
30/04/2016,"11,7200"
29/04/2016,"11,7200"
28/04/2016,"12,1100"
27/04/2016,"12,1100"
26/04/2016,"12,2000"
25/04/2016,"12,1300"
24/04/2016,"12,2000"
23/04/2016,"12,2000"
22/04/2016,"12,2000"
21/04/2016,"12,2700"
20/04/2016,"12,3700"
19/04/2016,"12,2300"
18/04/2016,"12,2800"
17/04/2016,"12,2900"
16/04/2016,"12,2900"
15/04/2016,"12,2900"
14/04/2016,"12,3200"
13/04/2016,"12,3000"
12/04/2016,"12,0700"
11/04/2016,"12,1400"
10/04/2016,"12,0800"
09/04/2016,"12,0800"
08/04/2016,"12,0800"
07/04/2016,"12,0800"
06/04/2016,"12,1400"
05/04/2016,"12,0800"
04/04/2016,"12,2600"
03/04/2016,"12,1800"
02/04/2016,"12,1800"
01/04/2016,"12,1800"
31/03/2016,"12,2700"
30/03/2016,"12,2100"
29/03/2016,"11,9700"
28/03/2016,"11,9000"
27/03/2016,"11,9100"
26/03/2016,"11,9100"
25/03/2016,"11,9100"
24/03/2016,"11,8800"
23/03/2016,"12,0000"
22/03/2016,"12,1600"
21/03/2016,"12,0900"
20/03/2016,"12,0900"
19/03/2016,"12,0900"
18/03/2016,"12,0900"
17/03/2016,"12,0200"
16/03/2016,"11,8300"
15/03/2016,"11,8000"
14/03/2016,"11,9100"
13/03/2016,"11,8400"
12/03/2016,"11,8400"
11/03/2016,"11,8400"
10/03/2016,"11,6200"
09/03/2016,"11,6800"
08/03/2016,"11,6500"
07/03/2016,"11,8300"
06/03/2016,"11,8500"
05/03/2016,"11,8500"
04/03/2016,"11,8500"
03/03/2016,"11,6700"
02/03/2016,"11,5900"
01/03/2016,"11,5000"
29/02/2016,"11,3600"
28/02/2016,"11,2900"
27/02/2016,"11,2900"
26/02/2016,"11,2900"
25/02/2016,"11,1200"
24/02/2016,"10,9400"
23/02/2016,"11,0800"
22/02/2016,"11,2100"
21/02/2016,"11,0800"
20/02/2016,"11,0800"
19/02/2016,"11,0800"
18/02/2016,"11,0800"
17/02/2016,"11,0100"
16/02/2016,"10,7300"
15/02/2016,"10,6300"
14/02/2016,"10,4600"
13/02/2016,"10,4600"
12/02/2016,"10,4600"
11/02/2016,"10,2700"
10/02/2016,"10,4000"
09/02/2016,"10,2600"
08/02/2016,"10,2800"
07/02/2016,"10,6300"
06/02/2016,"10,6300"
05/02/2016,"10,6300"
04/02/2016,"10,8500"
03/02/2016,"10,7200"
02/02/2016,"10,8400"
01/02/2016,"10,9600"
31/01/2016,"10,8400"
30/01/2016,"10,8400"
29/01/2016,"10,8400"
28/01/2016,"10,6000"
27/01/2016,"10,8300"
26/01/2016,"10,9000"
25/01/2016,"10,9200"
24/01/2016,"10,9100"
23/01/2016,"10,9100"
22/01/2016,"10,9100"
21/01/2016,"10,8000"
20/01/2016,"10,3800"
19/01/2016,"10,7700"
18/01/2016,"10,7300"
17/01/2016,"10,6700"
16/01/2016,"10,6700"
15/01/2016,"10,6700"
14/01/2016,"11,0000"
13/01/2016,"11,1400"
12/01/2016,"11,1700"
11/01/2016,"11,1300"
10/01/2016,"11,2700"
09/01/2016,"11,2700"
08/01/2016,"11,2700"
07/01/2016,"11,4600"
06/01/2016,"11,6900"
05/01/2016,"11,9100"
04/01/2016,"11,8400"
03/01/2016,"12,2100"
02/01/2016,"12,2100"
01/01/2016,"12,2100"
31/12/2015,"12,2100"
30/12/2015,"12,3200"
29/12/2015,"12,3200"
28/12/2015,"12,1800"
27/12/2015,"12,2900"
26/12/2015,"12,2900"
25/12/2015,"12,2900"
24/12/2015,"12,2900"
23/12/2015,"12,2500"
22/12/2015,"12,1200"
21/12/2015,"12,0300"
20/12/2015,"12,0800"
19/12/2015,"12,0800"
18/12/2015,"12,0800"
17/12/2015,"12,2100"
16/12/2015,"12,1700"
15/12/2015,"12,1700"
14/12/2015,"11,9600"
13/12/2015,"12,1500"
12/12/2015,"12,1500"
11/12/2015,"12,1500"
10/12/2015,"12,3500"
09/12/2015,"12,3600"
08/12/2015,"12,4500"
07/12/2015,"12,5500"
06/12/2015,"12,5400"
05/12/2015,"12,5400"
04/12/2015,"12,5400"
03/12/2015,"12,6000"
02/12/2015,"12,6900"
01/12/2015,"12,6100"
30/11/2015,"12,4700"
29/11/2015,"12,4700"
28/11/2015,"12,4700"
27/11/2015,"12,4700"
26/11/2015,"12,5200"
25/11/2015,"12,4800"
24/11/2015,"12,3900"
23/11/2015,"12,4500"
22/11/2015,"12,4200"
21/11/2015,"12,4200"
20/11/2015,"12,4200"
19/11/2015,"12,3600"
18/11/2015,"12,1600"
17/11/2015,"12,2000"
16/11/2015,"11,9600"
15/11/2015,"11,9900"
14/11/2015,"11,9900"
13/11/2015,"11,9900"
12/11/2015,"12,2500"
11/11/2015,"12,3300"
10/11/2015,"12,2800"
09/11/2015,"12,3300"
08/11/2015,"12,4300"
07/11/2015,"12,4300"
06/11/2015,"12,4300"
05/11/2015,"12,4200"
04/11/2015,"12,5000"
03/11/2015,"12,4900"
02/11/2015,"12,3800"
01/11/2015,"12,3400"
31/10/2015,"12,3400"
30/10/2015,"12,3400"
29/10/2015,"12,2100"
28/10/2015,"12,2100"
27/10/2015,"12,1100"
26/10/2015,"12,1900"
25/10/2015,"12,1200"
24/10/2015,"12,1200"
23/10/2015,"12,1200"
22/10/2015,"11,9500"
21/10/2015,"11,8600"
20/10/2015,"11,9300"
19/10/2015,"11,9500"
18/10/2015,"11,8900"
17/10/2015,"11,8900"
16/10/2015,"11,8900"
15/10/2015,"11,7800"
14/10/2015,"11,6700"
13/10/2015,"11,6700"
12/10/2015,"11,6400"
11/10/2015,"11,7100"
10/10/2015,"11,7100"
09/10/2015,"11,7100"
08/10/2015,"11,5300"
07/10/2015,"11,4800"
06/10/2015,"11,3400"
05/10/2015,"11,3100"
04/10/2015,"10,9200"
03/10/2015,"10,9200"
02/10/2015,"10,9200"
01/10/2015,"10,8400"
30/09/2015,"10,8800"
29/09/2015,"10,7500"
28/09/2015,"10,7800"
27/09/2015,"11,0000"
26/09/2015,"11,0000"
25/09/2015,"11,0000"
24/09/2015,"10,8100"
23/09/2015,"10,9200"
22/09/2015,"10,9400"
21/09/2015,"11,1600"
20/09/2015,"11,2500"
19/09/2015,"11,2500"
18/09/2015,"11,2500"
17/09/2015,"11,3100"
16/09/2015,"11,2900"
15/09/2015,"11,1700"
14/09/2015,"11,0800"
13/09/2015,"11,0800"
12/09/2015,"11,0800"
11/09/2015,"11,0800"
10/09/2015,"11,1200"
09/09/2015,"11,1900"
08/09/2015,"11,0500"
07/09/2015,"10,9500"
06/09/2015,"10,9500"
05/09/2015,"10,9500"
04/09/2015,"10,9500"
03/09/2015,"11,1300"
02/09/2015,"10,8900"
01/09/2015,"10,9600"
31/08/2015,"11,2200"
30/08/2015,"11,1700"
29/08/2015,"11,1700"
28/08/2015,"11,1700"
27/08/2015,"11,1400"
26/08/2015,"10,7300"
25/08/2015,"10,9400"
24/08/2015,"10,9100"
23/08/2015,"11,2700"
22/08/2015,"11,2700"
21/08/2015,"11,2700"
20/08/2015,"11,5200"
19/08/2015,"11,6600"
18/08/2015,"11,8100"
17/08/2015,"11,8200"
16/08/2015,"11,7800"
15/08/2015,"11,7800"
14/08/2015,"11,7800"
13/08/2015,"11,7400"
12/08/2015,"11,5800"
11/08/2015,"11,7500"
10/08/2015,"11,8700"
09/08/2015,"11,7100"
08/08/2015,"11,7100"
07/08/2015,"11,7100"
06/08/2015,"11,7100"
05/08/2015,"11,9500"
04/08/2015,"11,8600"
03/08/2015,"11,9000"
02/08/2015,"11,9600"
01/08/2015,"11,9600"
31/07/2015,"11,9600"
30/07/2015,"11,9100"
29/07/2015,"11,9500"
28/07/2015,"11,8800"
27/07/2015,"11,9200"
26/07/2015,"12,0900"
25/07/2015,"12,0900"
24/07/2015,"12,0900"
23/07/2015,"12,1800"
22/07/2015,"12,2300"
21/07/2015,"12,2700"
20/07/2015,"12,2400"
19/07/2015,"12,2200"
18/07/2015,"12,2200"
17/07/2015,"12,2200"
16/07/2015,"12,0200"
15/07/2015,"11,9100"
14/07/2015,"11,9500"
13/07/2015,"11,8600"
12/07/2015,"11,7300"
11/07/2015,"11,7300"
10/07/2015,"11,7300"
09/07/2015,"11,6500"
08/07/2015,"11,5500"
07/07/2015,"11,5600"
06/07/2015,"11,7200"
05/07/2015,"11,8500"
04/07/2015,"11,8500"
03/07/2015,"11,8500"
02/07/2015,"11,8400"
01/07/2015,"11,8700"
30/06/2015,"11,8100"
29/06/2015,"11,8700"
28/06/2015,"12,0500"
27/06/2015,"12,0500"
26/06/2015,"12,0500"
25/06/2015,"12,1700"
24/06/2015,"12,2200"
23/06/2015,"12,2600"
22/06/2015,"12,2600"
21/06/2015,"12,1800"
20/06/2015,"12,1800"
19/06/2015,"12,1800"
18/06/2015,"12,2400"
17/06/2015,"12,0700"
16/06/2015,"12,0000"
15/06/2015,"11,9900"
14/06/2015,"12,0900"
13/06/2015,"12,0900"
12/06/2015,"12,0900"
11/06/2015,"12,1100"
10/06/2015,"12,1100"
09/06/2015,"11,9200"
08/06/2015,"12,0100"
07/06/2015,"12,1000"
06/06/2015,"12,1000"
05/06/2015,"12,1000"
04/06/2015,"12,1200"
03/06/2015,"12,1500"
02/06/2015,"12,0800"
01/06/2015,"12,0300"
31/05/2015,"11,9800"
30/05/2015,"11,9800"
29/05/2015,"11,9800"
28/05/2015,"11,9800"
27/05/2015,"11,9400"
26/05/2015,"11,9300"
25/05/2015,"12,0700"
24/05/2015,"12,0900"
23/05/2015,"12,0900"
22/05/2015,"12,0900"
21/05/2015,"12,0900"
20/05/2015,"12,0500"
19/05/2015,"12,0800"
18/05/2015,"12,0700"
17/05/2015,"12,0300"
16/05/2015,"12,0300"
15/05/2015,"12,0300"
14/05/2015,"12,0200"
13/05/2015,"11,9400"
12/05/2015,"11,8800"
11/05/2015,"11,9800"
10/05/2015,"11,9900"
09/05/2015,"11,9900"
08/05/2015,"11,9900"
07/05/2015,"11,7700"
06/05/2015,"11,7800"
05/05/2015,"11,8600"
04/05/2015,"11,9900"
03/05/2015,"11,8900"
02/05/2015,"11,8900"
01/05/2015,"11,8900"
30/04/2015,"11,9100"
29/04/2015,"12,0000"
28/04/2015,"12,0400"
27/04/2015,"12,0500"
26/04/2015,"12,0300"
25/04/2015,"12,0300"
24/04/2015,"12,0300"
23/04/2015,"11,9000"
22/04/2015,"11,8900"
21/04/2015,"11,8200"
20/04/2015,"11,7600"
19/04/2015,"11,6600"
18/04/2015,"11,6600"
17/04/2015,"11,6600"
16/04/2015,"11,8400"
15/04/2015,"11,7800"
14/04/2015,"11,7200"
13/04/2015,"11,7700"
12/04/2015,"11,7300"
11/04/2015,"11,7300"
10/04/2015,"11,7300"
09/04/2015,"11,6500"
08/04/2015,"11,6600"
07/04/2015,"11,6100"
06/04/2015,"11,5300"
05/04/2015,"11,3600"
04/04/2015,"11,3600"
03/04/2015,"11,3600"
02/04/2015,"11,4300"
01/04/2015,"11,4100"
31/03/2015,"11,4900"
30/03/2015,"11,4900"
29/03/2015,"11,3200"
28/03/2015,"11,3200"
27/03/2015,"11,3200"
26/03/2015,"11,3600"
25/03/2015,"11,4900"
24/03/2015,"11,6400"
23/03/2015,"11,6300"
22/03/2015,"11,6300"
21/03/2015,"11,6300"
20/03/2015,"11,6300"
19/03/2015,"11,4900"
18/03/2015,"11,4300"
17/03/2015,"11,4600"
16/03/2015,"11,4200"
15/03/2015,"11,3000"
14/03/2015,"11,3000"
13/03/2015,"11,3000"
12/03/2015,"11,3800"
11/03/2015,"11,3800"
10/03/2015,"11,4000"
09/03/2015,"11,6000"
08/03/2015,"11,6300"
07/03/2015,"11,6300"
06/03/2015,"11,6300"
05/03/2015,"11,7000"
04/03/2015,"11,6600"
03/03/2015,"11,7100"
02/03/2015,"11,7700"
01/03/2015,"11,7600"
28/02/2015,"11,7600"
27/02/2015,"11,7600"
26/02/2015,"11,7400"
25/02/2015,"11,6900"
24/02/2015,"11,6200"
23/02/2015,"11,5800"
22/02/2015,"11,5800"
21/02/2015,"11,5800"
20/02/2015,"11,5800"
19/02/2015,"11,6000"
18/02/2015,"11,5500"
17/02/2015,"11,5100"
16/02/2015,"11,5500"
15/02/2015,"11,5200"
14/02/2015,"11,5200"
13/02/2015,"11,5200"
12/02/2015,"11,4700"
11/02/2015,"11,2600"
10/02/2015,"11,2100"
09/02/2015,"11,1600"
08/02/2015,"11,2200"
07/02/2015,"11,2200"
06/02/2015,"11,2200"
05/02/2015,"11,1600"
04/02/2015,"11,1300"
03/02/2015,"11,0500"
02/02/2015,"10,9400"
01/02/2015,"10,9400"
31/01/2015,"10,9400"
30/01/2015,"10,9400"
29/01/2015,"10,8300"
28/01/2015,"10,9800"
27/01/2015,"10,9300"
26/01/2015,"11,1300"
25/01/2015,"11,1300"
24/01/2015,"11,1300"
23/01/2015,"11,1300"
22/01/2015,"11,0100"
21/01/2015,"10,9300"
20/01/2015,"10,8100"
19/01/2015,"10,8000"
18/01/2015,"10,7300"
17/01/2015,"10,7300"
16/01/2015,"10,7300"
15/01/2015,"10,7500"
14/01/2015,"10,7800"
13/01/2015,"11,0100"
12/01/2015,"10,9000"
11/01/2015,"10,9500"
10/01/2015,"10,9500"
09/01/2015,"10,9500"
08/01/2015,"11,0200"
07/01/2015,"10,8400"
06/01/2015,"10,7900"
05/01/2015,"10,9600"
04/01/2015,"11,0500"
03/01/2015,"11,0500"
02/01/2015,"11,0500"
01/01/2015,"11,2000"
31/12/2014,"11,2000"
30/12/2014,"11,2100"
29/12/2014,"11,2900"
28/12/2014,"11,3200"
27/12/2014,"11,3200"
26/12/2014,"11,3200"
25/12/2014,"11,2900"
24/12/2014,"11,2900"
23/12/2014,"11,3100"
22/12/2014,"11,2200"
21/12/2014,"11,1300"
20/12/2014,"11,1300"
19/12/2014,"11,1300"
18/12/2014,"11,0300"
17/12/2014,"10,8200"
16/12/2014,"10,8900"
15/12/2014,"10,7500"
14/12/2014,"10,9000"
13/12/2014,"10,9000"
12/12/2014,"10,9000"
11/12/2014,"11,1200"
10/12/2014,"11,1100"
09/12/2014,"11,0900"
08/12/2014,"11,1900"
07/12/2014,"11,2000"
06/12/2014,"11,2000"
05/12/2014,"11,2000"
04/12/2014,"11,1800"
03/12/2014,"11,1300"
02/12/2014,"11,1200"
01/12/2014,"11,0600"
30/11/2014,"11,1700"
29/11/2014,"11,1700"
28/11/2014,"11,1700"
27/11/2014,"11,1300"
26/11/2014,"11,0900"
25/11/2014,"11,0800"
24/11/2014,"11,0300"
23/11/2014,"11,0100"
22/11/2014,"11,0100"
21/11/2014,"11,0100"
20/11/2014,"10,9100"
19/11/2014,"10,8800"
18/11/2014,"10,9600"
17/11/2014,"10,8700"
16/11/2014,"10,8900"
15/11/2014,"10,8900"
14/11/2014,"10,8900"
13/11/2014,"10,8100"
12/11/2014,"10,7800"
11/11/2014,"10,7800"
10/11/2014,"10,8100"
09/11/2014,"10,7100"
08/11/2014,"10,7100"
07/11/2014,"10,7100"
06/11/2014,"10,7100"
05/11/2014,"10,6600"
04/11/2014,"10,6200"
03/11/2014,"10,6900"
02/11/2014,"10,6300"
01/11/2014,"10,6300"
31/10/2014,"10,6300"
30/10/2014,"10,3900"
29/10/2014,"10,3400"
28/10/2014,"10,2600"
27/10/2014,"10,1900"
26/10/2014,"10,1900"
25/10/2014,"10,1900"
24/10/2014,"10,1900"
23/10/2014,"10,1900"
22/10/2014,"10,1900"
21/10/2014,"10,1200"
20/10/2014,"9,9800"
19/10/2014,"9,9800"
18/10/2014,"9,9800"
17/10/2014,"9,9800"
16/10/2014,"9,8490"
15/10/2014,"9,8050"
14/10/2014,"9,9700"
13/10/2014,"9,9230"
12/10/2014,"10,0100"
11/10/2014,"10,0100"
10/10/2014,"10,0100"
09/10/2014,"10,2800"
08/10/2014,"10,2400"
07/10/2014,"10,3700"
06/10/2014,"10,4100"
05/10/2014,"10,4400"
04/10/2014,"10,4400"
03/10/2014,"10,4400"
02/10/2014,"10,3200"
01/10/2014,"10,4900"
30/09/2014,"10,6200"
29/09/2014,"10,6000"
28/09/2014,"10,5400"
27/09/2014,"10,5400"
26/09/2014,"10,5400"
25/09/2014,"10,5200"
24/09/2014,"10,6500"
23/09/2014,"10,6500"
22/09/2014,"10,6700"
21/09/2014,"10,8100"
20/09/2014,"10,8100"
19/09/2014,"10,8100"
18/09/2014,"10,8400"
17/09/2014,"10,8000"
16/09/2014,"10,7700"
15/09/2014,"10,7100"
14/09/2014,"10,8200"
13/09/2014,"10,8200"
12/09/2014,"10,8200"
11/09/2014,"10,8000"
10/09/2014,"10,7800"
09/09/2014,"10,8200"
08/09/2014,"10,8400"
07/09/2014,"10,7900"
06/09/2014,"10,7900"
05/09/2014,"10,7900"
04/09/2014,"10,8500"
03/09/2014,"10,8200"
02/09/2014,"10,8200"
01/09/2014,"10,8500"
31/08/2014,"10,8500"
30/08/2014,"10,8500"
29/08/2014,"10,8500"
28/08/2014,"10,7900"
27/08/2014,"10,7800"
26/08/2014,"10,7600"
25/08/2014,"10,7600"
24/08/2014,"10,7600"
23/08/2014,"10,7600"
22/08/2014,"10,7600"
21/08/2014,"10,7400"
20/08/2014,"10,7100"
19/08/2014,"10,7200"
18/08/2014,"10,6600"
17/08/2014,"10,5300"
16/08/2014,"10,5300"
15/08/2014,"10,5300"
14/08/2014,"10,5600"
13/08/2014,"10,5700"
12/08/2014,"10,4900"
11/08/2014,"10,6100"
10/08/2014,"10,4600"
09/08/2014,"10,4600"
08/08/2014,"10,4600"
07/08/2014,"10,4600"
06/08/2014,"10,5300"
05/08/2014,"10,5100"
04/08/2014,"10,5100"
03/08/2014,"10,4100"
02/08/2014,"10,4100"
01/08/2014,"10,4100"
31/07/2014,"10,5400"
30/07/2014,"10,7100"
29/07/2014,"10,7300"
28/07/2014,"10,6800"
27/07/2014,"10,6800"
26/07/2014,"10,6800"
25/07/2014,"10,6800"
24/07/2014,"10,7100"
23/07/2014,"10,6400"
22/07/2014,"10,6900"
21/07/2014,"10,6000"
20/07/2014,"10,5600"
19/07/2014,"10,5600"
18/07/2014,"10,5600"
17/07/2014,"10,4900"
16/07/2014,"10,5300"
15/07/2014,"10,4200"
14/07/2014,"10,4900"
13/07/2014,"10,4000"
12/07/2014,"10,4000"
11/07/2014,"10,4000"
10/07/2014,"10,3900"
09/07/2014,"10,4500"
08/07/2014,"10,3900"
07/07/2014,"10,5400"
06/07/2014,"10,5900"
05/07/2014,"10,5900"
04/07/2014,"10,5900"
03/07/2014,"10,6000"
02/07/2014,"10,5600"
01/07/2014,"10,5400"
30/06/2014,"10,4600"
29/06/2014,"10,4100"
28/06/2014,"10,4100"
27/06/2014,"10,4100"
26/06/2014,"10,3700"
25/06/2014,"10,4000"
24/06/2014,"10,5200"
23/06/2014,"10,4500"
22/06/2014,"10,4300"
21/06/2014,"10,4300"
20/06/2014,"10,4300"
19/06/2014,"10,4800"
18/06/2014,"10,4700"
17/06/2014,"10,4800"
16/06/2014,"10,4100"
15/06/2014,"10,3900"
14/06/2014,"10,3900"
13/06/2014,"10,3900"
12/06/2014,"10,4000"
11/06/2014,"10,4100"
10/06/2014,"10,3900"
09/06/2014,"10,3600"
08/06/2014,"10,3400"
07/06/2014,"10,3400"
06/06/2014,"10,3400"
05/06/2014,"10,2200"
04/06/2014,"10,1700"
03/06/2014,"10,1200"
02/06/2014,"10,1500"
01/06/2014,"10,1700"
31/05/2014,"10,1700"
30/05/2014,"10,1700"
29/05/2014,"10,1600"
28/05/2014,"10,1200"
27/05/2014,"10,0800"
26/05/2014,"10,0700"
25/05/2014,"10,0000"
24/05/2014,"10,0000"
23/05/2014,"10,0000"
22/05/2014,"9,9670"
21/05/2014,"9,9260"
20/05/2014,"9,9510"
19/05/2014,"9,9460"
18/05/2014,"9,8200"
17/05/2014,"9,8200"
16/05/2014,"9,8200"
15/05/2014,"9,7420"
14/05/2014,"9,8000"
13/05/2014,"9,7880"
12/05/2014,"9,7940"
11/05/2014,"9,6290"
10/05/2014,"9,6290"
09/05/2014,"9,6290"
08/05/2014,"9,7640"
07/05/2014,"9,6680"
06/05/2014,"9,7500"
05/05/2014,"9,7670"
04/05/2014,"9,8140"
03/05/2014,"9,8140"
02/05/2014,"9,8140"
01/05/2014,"9,8450"
30/04/2014,"9,7920"
29/04/2014,"9,8280"
28/04/2014,"9,7370"
27/04/2014,"9,8140"
26/04/2014,"9,8140"
25/04/2014,"9,8140"
24/04/2014,"9,9850"
23/04/2014,"9,8720"
22/04/2014,"9,9500"
21/04/2014,"9,8890"
20/04/2014,"9,8690"
19/04/2014,"9,8690"
18/04/2014,"9,8690"
17/04/2014,"9,8300"
16/04/2014,"9,8190"
15/04/2014,"9,6590"
14/04/2014,"9,7630"
13/04/2014,"9,7640"
12/04/2014,"9,7640"
11/04/2014,"9,7640"
10/04/2014,"9,9120"
09/04/2014,"10,0000"